topic,description,source,url,text
Number of people dying from HIV-related causes,WHO Global Health Observatory - Number of people dying from HIV-related causes,WHO-GHO,https://www.who.int/data/gho/data/indicators/indicator-details/GHO/HIV_0000000006,[WHO-GHO] Number of people dying from HIV-related causes: WHO Global Health Observatory - Number of people dying from HIV-related causes
Estimated number of pregnant women living with HIV,WHO Global Health Observatory - Estimated number of pregnant women living with HIV,WHO-GHO,https://www.who.int/data/gho/data/indicators/indicator-details/GHO/HIV_0000000020,[WHO-GHO] Estimated number of pregnant women living with HIV: WHO Global Health Observatory - Estimated number of pregnant women living with HIV
Estimated number of pregnant women living with HIV needing antiretrovirals for preventing mother-to-child transmission,WHO Global Health Observatory - Estimated number of pregnant women living with HIV needing antiretrovirals for preventing mother-to-child transmission,WHO-GHO,https://www.who.int/data/gho/data/indicators/indicator-details/GHO/HIV_0000000021,[WHO-GHO] Estimated number of pregnant women living with HIV needing antiretrovirals for preventing mother-to-child transmission: WHO Global Health Observatory - Estimated number of pregnant women living with HIV needing antiretrovirals for preventing mother-to-child transmission
Estimated number of people (all ages) living with HIV,WHO Global Health Observatory - Estimated number of people (all ages) living with HIV,WHO-GHO,https://www.who.int/data/gho/data/indicators/indicator-details/GHO/HIV_0000000001,[WHO-GHO] Estimated number of people (all ages) living with HIV: WHO Global Health Observatory - Estimated number of people (all ages) living with HIV
Number of new HIV infections,WHO Global Health Observatory - Number of new HIV infections,WHO-GHO,https://www.who.int/data/gho/data/indicators/indicator-details/GHO/HIV_0000000026,[WHO-GHO] Number of new HIV infections: WHO Global Health Observatory - Number of new HIV infections
Estimated antiretroviral therapy coverage among people living with HIV (%),WHO Global Health Observatory - Estimated antiretroviral therapy coverage among people living with HIV (%),WHO-GHO,https://www.who.int/data/gho/data/indicators/indicator-details/GHO/HIV_ARTCOVERAGE,[WHO-GHO] Estimated antiretroviral therapy coverage among people living with HIV (%): WHO Global Health Observatory - Estimated antiretroviral therapy coverage among people living with HIV (%)
Prevalence of overweight and obesity,WHO Global Health Observatory - Prevalence of overweight and obesity,WHO-GHO,https://www.who.int/data/gho/data/indicators/indicator-details/GHO/EQ_OVERWEIGHTADULT,[WHO-GHO] Prevalence of overweight and obesity: WHO Global Health Observatory - Prevalence of overweight and obesity
Number of pregnant women living with HIV who received antiretrovirals for preventing mother-to-child transmission,WHO Global Health Observatory - Number of pregnant women living with HIV who received antiretrovirals for preventing mother-to-child transmission,WHO-GHO,https://www.who.int/data/gho/data/indicators/indicator-details/GHO/HIV_0000000015,[WHO-GHO] Number of pregnant women living with HIV who received antiretrovirals for preventing mother-to-child transmission: WHO Global Health Observatory - Number of pregnant women living with HIV who received antiretrovirals for preventing mother-to-child transmission
Number of pregnant women living with HIV who received antiretrovirals for preventing mother-to-child transmission,WHO Global Health Observatory - Number of pregnant women living with HIV who received antiretrovirals for preventing mother-to-child transmission,WHO-GHO,https://www.who.int/data/gho/data/indicators/indicator-details/GHO/HIV_0000000016,[WHO-GHO] Number of pregnant women living with HIV who received antiretrovirals for preventing mother-to-child transmission: WHO Global Health Observatory - Number of pregnant women living with HIV who received antiretrovirals for preventing mother-to-child transmission
Number of suspected meningitis deaths reported,WHO Global Health Observatory - Number of suspected meningitis deaths reported,WHO-GHO,https://www.who.int/data/gho/data/indicators/indicator-details/GHO/MENING_1,[WHO-GHO] Number of suspected meningitis deaths reported: WHO Global Health Observatory - Number of suspected meningitis deaths reported
Number of suspected meningitis cases reported,WHO Global Health Observatory - Number of suspected meningitis cases reported,WHO-GHO,https://www.who.int/data/gho/data/indicators/indicator-details/GHO/MENING_2,[WHO-GHO] Number of suspected meningitis cases reported: WHO Global Health Observatory - Number of suspected meningitis cases reported
Number of meningitis epidemic districts,WHO Global Health Observatory - Number of meningitis epidemic districts,WHO-GHO,https://www.who.int/data/gho/data/indicators/indicator-details/GHO/MENING_3,[WHO-GHO] Number of meningitis epidemic districts: WHO Global Health Observatory - Number of meningitis epidemic districts
"Obesity among adults, BMI ≥ 30 kg/m2 (age-standardized estimate) (%)","WHO Global Health Observatory - Obesity among adults, BMI ≥ 30 kg/m2 (age-standardized estimate) (%)",WHO-GHO,https://www.who.int/data/gho/data/indicators/indicator-details/GHO/NCD_BMI_30A,"[WHO-GHO] Obesity among adults, BMI ≥ 30 kg/m2 (age-standardized estimate) (%): WHO Global Health Observatory - Obesity among adults, BMI ≥ 30 kg/m2 (age-standardized estimate) (%)"
Measles immunization coverage among one-year-olds (%),WHO Global Health Observatory - Measles immunization coverage among one-year-olds (%),WHO-GHO,https://www.who.int/data/gho/data/indicators/indicator-details/GHO/mslv,[WHO-GHO] Measles immunization coverage among one-year-olds (%): WHO Global Health Observatory - Measles immunization coverage among one-year-olds (%)
"Obesity among adults, BMI ≥ 30 kg/m2 (crude estimate) (%)","WHO Global Health Observatory - Obesity among adults, BMI ≥ 30 kg/m2 (crude estimate) (%)",WHO-GHO,https://www.who.int/data/gho/data/indicators/indicator-details/GHO/NCD_BMI_30C,"[WHO-GHO] Obesity among adults, BMI ≥ 30 kg/m2 (crude estimate) (%): WHO Global Health Observatory - Obesity among adults, BMI ≥ 30 kg/m2 (crude estimate) (%)"
Estimated number of malaria cases,WHO Global Health Observatory - Estimated number of malaria cases,WHO-GHO,https://www.who.int/data/gho/data/indicators/indicator-details/GHO/MALARIA002,[WHO-GHO] Estimated number of malaria cases: WHO Global Health Observatory - Estimated number of malaria cases
Malaria - number of reported deaths,WHO Global Health Observatory - Malaria - number of reported deaths,WHO-GHO,https://www.who.int/data/gho/data/indicators/indicator-details/GHO/MALARIA001,[WHO-GHO] Malaria - number of reported deaths: WHO Global Health Observatory - Malaria - number of reported deaths
Cholera case fatality rate,WHO Global Health Observatory - Cholera case fatality rate,WHO-GHO,https://www.who.int/data/gho/data/indicators/indicator-details/GHO/CHOLERA_0000000003,[WHO-GHO] Cholera case fatality rate: WHO Global Health Observatory - Cholera case fatality rate
Number of reported deaths from cholera,WHO Global Health Observatory - Number of reported deaths from cholera,WHO-GHO,https://www.who.int/data/gho/data/indicators/indicator-details/GHO/CHOLERA_0000000002,[WHO-GHO] Number of reported deaths from cholera: WHO Global Health Observatory - Number of reported deaths from cholera
"Prevalence of obesity among children and adolescents, BMI > +2 standard deviations above the median (age-standardized estimate) (%)","WHO Global Health Observatory - Prevalence of obesity among children and adolescents, BMI > +2 standard deviations above the median (age-standardized estimate) (%)",WHO-GHO,https://www.who.int/data/gho/data/indicators/indicator-details/GHO/NCD_BMI_PLUS2A,"[WHO-GHO] Prevalence of obesity among children and adolescents, BMI > +2 standard deviations above the median (age-standardized estimate) (%): WHO Global Health Observatory - Prevalence of obesity among children and adolescents, BMI > +2 standard deviations above the median (age-standardized estimate) (%)"
Number of under-five deaths from malaria,WHO Global Health Observatory - Number of under-five deaths from malaria,WHO-GHO,https://www.who.int/data/gho/data/indicators/indicator-details/GHO/MALARIA004,[WHO-GHO] Number of under-five deaths from malaria: WHO Global Health Observatory - Number of under-five deaths from malaria
Existence of national screening program for breast cancer,WHO Global Health Observatory - Existence of national screening program for breast cancer,WHO-GHO,https://www.who.int/data/gho/data/indicators/indicator-details/GHO/NCD_CCS_breastcancerscreening,[WHO-GHO] Existence of national screening program for breast cancer: WHO Global Health Observatory - Existence of national screening program for breast cancer
Most widely used screening method in national cervical cancer screening program,WHO Global Health Observatory - Most widely used screening method in national cervical cancer screening program,WHO-GHO,https://www.who.int/data/gho/data/indicators/indicator-details/GHO/NCD_CCS_cervicalcancermethod,[WHO-GHO] Most widely used screening method in national cervical cancer screening program: WHO Global Health Observatory - Most widely used screening method in national cervical cancer screening program
Existence of national screening program for cervical cancer,WHO Global Health Observatory - Existence of national screening program for cervical cancer,WHO-GHO,https://www.who.int/data/gho/data/indicators/indicator-details/GHO/NCD_CCS_cervicalcancerscreening,[WHO-GHO] Existence of national screening program for cervical cancer: WHO Global Health Observatory - Existence of national screening program for cervical cancer
Deaths due to tuberculosis among HIV-positive people (per 100 000 population),WHO Global Health Observatory - Deaths due to tuberculosis among HIV-positive people (per 100 000 population),WHO-GHO,https://www.who.int/data/gho/data/indicators/indicator-details/GHO/MDG_0000000018,[WHO-GHO] Deaths due to tuberculosis among HIV-positive people (per 100 000 population): WHO Global Health Observatory - Deaths due to tuberculosis among HIV-positive people (per 100 000 population)
Prevalence of HIV among adults aged >=15 years (per 100 000 population),WHO Global Health Observatory - Prevalence of HIV among adults aged >=15 years (per 100 000 population),WHO-GHO,https://www.who.int/data/gho/data/indicators/indicator-details/GHO/MDG_0000000019,[WHO-GHO] Prevalence of HIV among adults aged >=15 years (per 100 000 population): WHO Global Health Observatory - Prevalence of HIV among adults aged >=15 years (per 100 000 population)
Incidence of tuberculosis (per 100 000 population per year),WHO Global Health Observatory - Incidence of tuberculosis (per 100 000 population per year),WHO-GHO,https://www.who.int/data/gho/data/indicators/indicator-details/GHO/MDG_0000000020,[WHO-GHO] Incidence of tuberculosis (per 100 000 population per year): WHO Global Health Observatory - Incidence of tuberculosis (per 100 000 population per year)
General availability of breast cancer screening (by palpation or mammogram) at the primary health care level,WHO Global Health Observatory - General availability of breast cancer screening (by palpation or mammogram) at the primary health care level,WHO-GHO,https://www.who.int/data/gho/data/indicators/indicator-details/GHO/NCD_CCS_BreastCancer,[WHO-GHO] General availability of breast cancer screening (by palpation or mammogram) at the primary health care level: WHO Global Health Observatory - General availability of breast cancer screening (by palpation or mammogram) at the primary health care level
Existence of operational policy/strategy/action plan for cancer,WHO Global Health Observatory - Existence of operational policy/strategy/action plan for cancer,WHO-GHO,https://www.who.int/data/gho/data/indicators/indicator-details/GHO/NCD_CCS_CancerPlan,[WHO-GHO] Existence of operational policy/strategy/action plan for cancer: WHO Global Health Observatory - Existence of operational policy/strategy/action plan for cancer
General availability of colon cancer screening at the primary health care level,WHO Global Health Observatory - General availability of colon cancer screening at the primary health care level,WHO-GHO,https://www.who.int/data/gho/data/indicators/indicator-details/GHO/NCD_CCS_BowelCancer,[WHO-GHO] General availability of colon cancer screening at the primary health care level: WHO Global Health Observatory - General availability of colon cancer screening at the primary health care level
Existence of population-based cancer registry,WHO Global Health Observatory - Existence of population-based cancer registry,WHO-GHO,https://www.who.int/data/gho/data/indicators/indicator-details/GHO/NCD_CCS_CancerRegNational,[WHO-GHO] Existence of population-based cancer registry: WHO Global Health Observatory - Existence of population-based cancer registry
Type of national cervical cancer screening program,WHO Global Health Observatory - Type of national cervical cancer screening program,WHO-GHO,https://www.who.int/data/gho/data/indicators/indicator-details/GHO/NCD_CCS_cervicalcancerpgmtype,[WHO-GHO] Type of national cervical cancer screening program: WHO Global Health Observatory - Type of national cervical cancer screening program
Deaths due to tuberculosis among HIV-negative people (per 100 000 population),WHO Global Health Observatory - Deaths due to tuberculosis among HIV-negative people (per 100 000 population),WHO-GHO,https://www.who.int/data/gho/data/indicators/indicator-details/GHO/MDG_0000000017,[WHO-GHO] Deaths due to tuberculosis among HIV-negative people (per 100 000 population): WHO Global Health Observatory - Deaths due to tuberculosis among HIV-negative people (per 100 000 population)
Tuberculosis detection rate under DOTS (%),WHO Global Health Observatory - Tuberculosis detection rate under DOTS (%),WHO-GHO,https://www.who.int/data/gho/data/indicators/indicator-details/GHO/MDG_0000000022,[WHO-GHO] Tuberculosis detection rate under DOTS (%): WHO Global Health Observatory - Tuberculosis detection rate under DOTS (%)
Children aged < 5 years with pneumonia symptoms taken to a health facility (%),WHO Global Health Observatory - Children aged < 5 years with pneumonia symptoms taken to a health facility (%),WHO-GHO,https://www.who.int/data/gho/data/indicators/indicator-details/GHO/carep,[WHO-GHO] Children aged < 5 years with pneumonia symptoms taken to a health facility (%): WHO Global Health Observatory - Children aged < 5 years with pneumonia symptoms taken to a health facility (%)
Existence of operational policy/strategy/action plan for cardiovascular diseases,WHO Global Health Observatory - Existence of operational policy/strategy/action plan for cardiovascular diseases,WHO-GHO,https://www.who.int/data/gho/data/indicators/indicator-details/GHO/NCD_CCS_CVDPlan,[WHO-GHO] Existence of operational policy/strategy/action plan for cardiovascular diseases: WHO Global Health Observatory - Existence of operational policy/strategy/action plan for cardiovascular diseases
Existence of a diabetes registry,WHO Global Health Observatory - Existence of a diabetes registry,WHO-GHO,https://www.who.int/data/gho/data/indicators/indicator-details/GHO/NCD_CCS_DiabetesReg,[WHO-GHO] Existence of a diabetes registry: WHO Global Health Observatory - Existence of a diabetes registry
"General availability of diabetes testing (by blood glucose measurement, OGTT, or HbA1c) at the primary health care level","WHO Global Health Observatory - General availability of diabetes testing (by blood glucose measurement, OGTT, or HbA1c) at the primary health care level",WHO-GHO,https://www.who.int/data/gho/data/indicators/indicator-details/GHO/NCD_CCS_DiabetesTest,"[WHO-GHO] General availability of diabetes testing (by blood glucose measurement, OGTT, or HbA1c) at the primary health care level: WHO Global Health Observatory - General availability of diabetes testing (by blood glucose measurement, OGTT, or HbA1c) at the primary health care level"
Existence of operational policy/strategy/action plan for diabetes,WHO Global Health Observatory - Existence of operational policy/strategy/action plan for diabetes,WHO-GHO,https://www.who.int/data/gho/data/indicators/indicator-details/GHO/NCD_CCS_DiabPlan,[WHO-GHO] Existence of operational policy/strategy/action plan for diabetes: WHO Global Health Observatory - Existence of operational policy/strategy/action plan for diabetes
"Obesity among children and adolescents, BMI-for-age > +2 standard deviations above the median (crude estimate) (%)","WHO Global Health Observatory - Obesity among children and adolescents, BMI-for-age > +2 standard deviations above the median (crude estimate) (%)",WHO-GHO,https://www.who.int/data/gho/data/indicators/indicator-details/GHO/NCD_BMI_PLUS2C,"[WHO-GHO] Obesity among children and adolescents, BMI-for-age > +2 standard deviations above the median (crude estimate) (%): WHO Global Health Observatory - Obesity among children and adolescents, BMI-for-age > +2 standard deviations above the median (crude estimate) (%)"
Estimated number of malaria deaths,WHO Global Health Observatory - Estimated number of malaria deaths,WHO-GHO,https://www.who.int/data/gho/data/indicators/indicator-details/GHO/MALARIA003,[WHO-GHO] Estimated number of malaria deaths: WHO Global Health Observatory - Estimated number of malaria deaths
Measles-containing-vaccine second-dose (MCV2) immunization coverage by the nationally recommended age (%),WHO Global Health Observatory - Measles-containing-vaccine second-dose (MCV2) immunization coverage by the nationally recommended age (%),WHO-GHO,https://www.who.int/data/gho/data/indicators/indicator-details/GHO/MCV2,[WHO-GHO] Measles-containing-vaccine second-dose (MCV2) immunization coverage by the nationally recommended age (%): WHO Global Health Observatory - Measles-containing-vaccine second-dose (MCV2) immunization coverage by the nationally recommended age (%)
Number of reported cases of cholera,WHO Global Health Observatory - Number of reported cases of cholera,WHO-GHO,https://www.who.int/data/gho/data/indicators/indicator-details/GHO/CHOLERA_0000000001,[WHO-GHO] Number of reported cases of cholera: WHO Global Health Observatory - Number of reported cases of cholera
Children aged <5 years with fever who received treatment with any antimalarial (%),WHO Global Health Observatory - Children aged <5 years with fever who received treatment with any antimalarial (%),WHO-GHO,https://www.who.int/data/gho/data/indicators/indicator-details/GHO/MDG_0000000014,[WHO-GHO] Children aged <5 years with fever who received treatment with any antimalarial (%): WHO Global Health Observatory - Children aged <5 years with fever who received treatment with any antimalarial (%)
Deaths due to malaria (per 100 000 population),WHO Global Health Observatory - Deaths due to malaria (per 100 000 population),WHO-GHO,https://www.who.int/data/gho/data/indicators/indicator-details/GHO/MDG_0000000016,[WHO-GHO] Deaths due to malaria (per 100 000 population): WHO Global Health Observatory - Deaths due to malaria (per 100 000 population)
Prevalence of tuberculosis (per 100 000 population),WHO Global Health Observatory - Prevalence of tuberculosis (per 100 000 population),WHO-GHO,https://www.who.int/data/gho/data/indicators/indicator-details/GHO/MDG_0000000023,[WHO-GHO] Prevalence of tuberculosis (per 100 000 population): WHO Global Health Observatory - Prevalence of tuberculosis (per 100 000 population)
Prevalence of HIV among adults aged 15 to 49 (%),WHO Global Health Observatory - Prevalence of HIV among adults aged 15 to 49 (%),WHO-GHO,https://www.who.int/data/gho/data/indicators/indicator-details/GHO/MDG_0000000029,[WHO-GHO] Prevalence of HIV among adults aged 15 to 49 (%): WHO Global Health Observatory - Prevalence of HIV among adults aged 15 to 49 (%)
Smear-positive tuberculosis case-detection rate (%),WHO Global Health Observatory - Smear-positive tuberculosis case-detection rate (%),WHO-GHO,https://www.who.int/data/gho/data/indicators/indicator-details/GHO/MDG_0000000030,[WHO-GHO] Smear-positive tuberculosis case-detection rate (%): WHO Global Health Observatory - Smear-positive tuberculosis case-detection rate (%)
Coverage of national cervical cancer screening program (%),WHO Global Health Observatory - Coverage of national cervical cancer screening program (%),WHO-GHO,https://www.who.int/data/gho/data/indicators/indicator-details/GHO/NCD_CCS_cervicalcancerpgmcvg,[WHO-GHO] Coverage of national cervical cancer screening program (%): WHO Global Health Observatory - Coverage of national cervical cancer screening program (%)
"General availability of diabetes testing (by blood glucose measurement, OGTT) at the primary health care level","WHO Global Health Observatory - General availability of diabetes testing (by blood glucose measurement, OGTT) at the primary health care level",WHO-GHO,https://www.who.int/data/gho/data/indicators/indicator-details/GHO/NCD_CCS_diabtest,"[WHO-GHO] General availability of diabetes testing (by blood glucose measurement, OGTT) at the primary health care level: WHO Global Health Observatory - General availability of diabetes testing (by blood glucose measurement, OGTT) at the primary health care level"
Leprosy - Number of cases registered for treatment,WHO Global Health Observatory - Leprosy - Number of cases registered for treatment,WHO-GHO,https://www.who.int/data/gho/data/indicators/indicator-details/GHO/NTD_LEPR3,[WHO-GHO] Leprosy - Number of cases registered for treatment: WHO Global Health Observatory - Leprosy - Number of cases registered for treatment
Leprosy registered prevalence rate per 1 000 000 population,WHO Global Health Observatory - Leprosy registered prevalence rate per 1 000 000 population,WHO-GHO,https://www.who.int/data/gho/data/indicators/indicator-details/GHO/NTD_LEPR4,[WHO-GHO] Leprosy registered prevalence rate per 1 000 000 population: WHO Global Health Observatory - Leprosy registered prevalence rate per 1 000 000 population
Leprosy - New leprosy cases with G2D rate per 1 000 000 population,WHO Global Health Observatory - Leprosy - New leprosy cases with G2D rate per 1 000 000 population,WHO-GHO,https://www.who.int/data/gho/data/indicators/indicator-details/GHO/NTD_LEPR7,[WHO-GHO] Leprosy - New leprosy cases with G2D rate per 1 000 000 population: WHO Global Health Observatory - Leprosy - New leprosy cases with G2D rate per 1 000 000 population
Number of new G2D leprosy cases,WHO Global Health Observatory - Number of new G2D leprosy cases,WHO-GHO,https://www.who.int/data/gho/data/indicators/indicator-details/GHO/NTD_LEPR5,[WHO-GHO] Number of new G2D leprosy cases: WHO Global Health Observatory - Number of new G2D leprosy cases
New leprosy case detection rate per 1 000 000 population,WHO Global Health Observatory - New leprosy case detection rate per 1 000 000 population,WHO-GHO,https://www.who.int/data/gho/data/indicators/indicator-details/GHO/NTD_LEPR2,[WHO-GHO] New leprosy case detection rate per 1 000 000 population: WHO Global Health Observatory - New leprosy case detection rate per 1 000 000 population
Malaria incidence per 100 000 population,WHO Global Health Observatory - Malaria incidence per 100 000 population,WHO-GHO,https://www.who.int/data/gho/data/indicators/indicator-details/GHO/MALARIA005,[WHO-GHO] Malaria incidence per 100 000 population: WHO Global Health Observatory - Malaria incidence per 100 000 population
Smear-positive tuberculosis treatment-success rate (%),WHO Global Health Observatory - Smear-positive tuberculosis treatment-success rate (%),WHO-GHO,https://www.who.int/data/gho/data/indicators/indicator-details/GHO/MDG_0000000031,[WHO-GHO] Smear-positive tuberculosis treatment-success rate (%): WHO Global Health Observatory - Smear-positive tuberculosis treatment-success rate (%)
Population aged 15-24 years with comprehensive correct knowledge of HIV/AIDS (%),WHO Global Health Observatory - Population aged 15-24 years with comprehensive correct knowledge of HIV/AIDS (%),WHO-GHO,https://www.who.int/data/gho/data/indicators/indicator-details/GHO/MDG_0000000021,[WHO-GHO] Population aged 15-24 years with comprehensive correct knowledge of HIV/AIDS (%): WHO Global Health Observatory - Population aged 15-24 years with comprehensive correct knowledge of HIV/AIDS (%)
Tuberculosis treatment success under DOTS (%),WHO Global Health Observatory - Tuberculosis treatment success under DOTS (%),WHO-GHO,https://www.who.int/data/gho/data/indicators/indicator-details/GHO/MDG_0000000024,[WHO-GHO] Tuberculosis treatment success under DOTS (%): WHO Global Health Observatory - Tuberculosis treatment success under DOTS (%)
Leprosy - Number of new leprosy cases among children (less than 15 years of age),WHO Global Health Observatory - Leprosy - Number of new leprosy cases among children (less than 15 years of age),WHO-GHO,https://www.who.int/data/gho/data/indicators/indicator-details/GHO/NTD_LEPR8,[WHO-GHO] Leprosy - Number of new leprosy cases among children (less than 15 years of age): WHO Global Health Observatory - Leprosy - Number of new leprosy cases among children (less than 15 years of age)
Number of new leprosy cases with G2D among children (less than 15 years of age),WHO Global Health Observatory - Number of new leprosy cases with G2D among children (less than 15 years of age),WHO-GHO,https://www.who.int/data/gho/data/indicators/indicator-details/GHO/NTD_LEPR9,[WHO-GHO] Number of new leprosy cases with G2D among children (less than 15 years of age): WHO Global Health Observatory - Number of new leprosy cases with G2D among children (less than 15 years of age)
"Antiretroviral therapy coverage among people with advanced HIV infection (%), WHO 2006 guidelines","WHO Global Health Observatory - Antiretroviral therapy coverage among people with advanced HIV infection (%), WHO 2006 guidelines",WHO-GHO,https://www.who.int/data/gho/data/indicators/indicator-details/GHO/MDG_0000000034,"[WHO-GHO] Antiretroviral therapy coverage among people with advanced HIV infection (%), WHO 2006 guidelines: WHO Global Health Observatory - Antiretroviral therapy coverage among people with advanced HIV infection (%), WHO 2006 guidelines"
Antiretroviral therapy coverage among people with HIV infection eligible for ART according to 2010 guidelines (%),WHO Global Health Observatory - Antiretroviral therapy coverage among people with HIV infection eligible for ART according to 2010 guidelines (%),WHO-GHO,https://www.who.int/data/gho/data/indicators/indicator-details/GHO/MDG_0000000033,[WHO-GHO] Antiretroviral therapy coverage among people with HIV infection eligible for ART according to 2010 guidelines (%): WHO Global Health Observatory - Antiretroviral therapy coverage among people with HIV infection eligible for ART according to 2010 guidelines (%)
"Obesity prevalence in non-pregnant women aged 15-49 years, BMI >= 30 (%)","WHO Global Health Observatory - Obesity prevalence in non-pregnant women aged 15-49 years, BMI >= 30 (%)",WHO-GHO,https://www.who.int/data/gho/data/indicators/indicator-details/GHO/obesewm,"[WHO-GHO] Obesity prevalence in non-pregnant women aged 15-49 years, BMI >= 30 (%): WHO Global Health Observatory - Obesity prevalence in non-pregnant women aged 15-49 years, BMI >= 30 (%)"
Children aged < 5 years with diarrhoea receiving oral rehydration salts (%),WHO Global Health Observatory - Children aged < 5 years with diarrhoea receiving oral rehydration salts (%),WHO-GHO,https://www.who.int/data/gho/data/indicators/indicator-details/GHO/ors,[WHO-GHO] Children aged < 5 years with diarrhoea receiving oral rehydration salts (%): WHO Global Health Observatory - Children aged < 5 years with diarrhoea receiving oral rehydration salts (%)
Children aged < 5 years with diarrhoea receiving oral rehydration therapy and continued feeding (%),WHO Global Health Observatory - Children aged < 5 years with diarrhoea receiving oral rehydration therapy and continued feeding (%),WHO-GHO,https://www.who.int/data/gho/data/indicators/indicator-details/GHO/ort,[WHO-GHO] Children aged < 5 years with diarrhoea receiving oral rehydration therapy and continued feeding (%): WHO Global Health Observatory - Children aged < 5 years with diarrhoea receiving oral rehydration therapy and continued feeding (%)
"Age-standardized death rates, colon and rectum cancers, per 100,000","WHO Global Health Observatory - Age-standardized death rates, colon and rectum cancers, per 100,000",WHO-GHO,https://www.who.int/data/gho/data/indicators/indicator-details/GHO/SA_0000001439,"[WHO-GHO] Age-standardized death rates, colon and rectum cancers, per 100,000: WHO Global Health Observatory - Age-standardized death rates, colon and rectum cancers, per 100,000"
"Age-standardized death rates, liver cancer, per 100,000","WHO Global Health Observatory - Age-standardized death rates, liver cancer, per 100,000",WHO-GHO,https://www.who.int/data/gho/data/indicators/indicator-details/GHO/SA_0000001445,"[WHO-GHO] Age-standardized death rates, liver cancer, per 100,000: WHO Global Health Observatory - Age-standardized death rates, liver cancer, per 100,000"
"Age-standardized DALYs, breast cancer, per 100,000","WHO Global Health Observatory - Age-standardized DALYs, breast cancer, per 100,000",WHO-GHO,https://www.who.int/data/gho/data/indicators/indicator-details/GHO/SA_0000001419,"[WHO-GHO] Age-standardized DALYs, breast cancer, per 100,000: WHO Global Health Observatory - Age-standardized DALYs, breast cancer, per 100,000"
"Age-standardized DALYs, liver cancer, per 100,000","WHO Global Health Observatory - Age-standardized DALYs, liver cancer, per 100,000",WHO-GHO,https://www.who.int/data/gho/data/indicators/indicator-details/GHO/SA_0000001426,"[WHO-GHO] Age-standardized DALYs, liver cancer, per 100,000: WHO Global Health Observatory - Age-standardized DALYs, liver cancer, per 100,000"
"Age-standardized DALYs, colon and rectum cancers, per 100,000","WHO Global Health Observatory - Age-standardized DALYs, colon and rectum cancers, per 100,000",WHO-GHO,https://www.who.int/data/gho/data/indicators/indicator-details/GHO/SA_0000001420,"[WHO-GHO] Age-standardized DALYs, colon and rectum cancers, per 100,000: WHO Global Health Observatory - Age-standardized DALYs, colon and rectum cancers, per 100,000"
"Age-standardized DALYs, diabetes mellitus, per 100,000","WHO Global Health Observatory - Age-standardized DALYs, diabetes mellitus, per 100,000",WHO-GHO,https://www.who.int/data/gho/data/indicators/indicator-details/GHO/SA_0000001421,"[WHO-GHO] Age-standardized DALYs, diabetes mellitus, per 100,000: WHO Global Health Observatory - Age-standardized DALYs, diabetes mellitus, per 100,000"
"Age-standardized death rates, breast cancer, per 100,000","WHO Global Health Observatory - Age-standardized death rates, breast cancer, per 100,000",WHO-GHO,https://www.who.int/data/gho/data/indicators/indicator-details/GHO/SA_0000001438,"[WHO-GHO] Age-standardized death rates, breast cancer, per 100,000: WHO Global Health Observatory - Age-standardized death rates, breast cancer, per 100,000"
"Age-standardized DALYs, mouth and oropharynx cancer, per 100,000","WHO Global Health Observatory - Age-standardized DALYs, mouth and oropharynx cancer, per 100,000",WHO-GHO,https://www.who.int/data/gho/data/indicators/indicator-details/GHO/SA_0000001429,"[WHO-GHO] Age-standardized DALYs, mouth and oropharynx cancer, per 100,000: WHO Global Health Observatory - Age-standardized DALYs, mouth and oropharynx cancer, per 100,000"
"Age-standardized death rates, oesophagus cancer, per 100,000","WHO Global Health Observatory - Age-standardized death rates, oesophagus cancer, per 100,000",WHO-GHO,https://www.who.int/data/gho/data/indicators/indicator-details/GHO/SA_0000001449,"[WHO-GHO] Age-standardized death rates, oesophagus cancer, per 100,000: WHO Global Health Observatory - Age-standardized death rates, oesophagus cancer, per 100,000"
"Age-standardized DALYs, oesophagus cancer, per 100,000","WHO Global Health Observatory - Age-standardized DALYs, oesophagus cancer, per 100,000",WHO-GHO,https://www.who.int/data/gho/data/indicators/indicator-details/GHO/SA_0000001430,"[WHO-GHO] Age-standardized DALYs, oesophagus cancer, per 100,000: WHO Global Health Observatory - Age-standardized DALYs, oesophagus cancer, per 100,000"
"Age-standardized death rates, diabetes mellitus, per 100,000","WHO Global Health Observatory - Age-standardized death rates, diabetes mellitus, per 100,000",WHO-GHO,https://www.who.int/data/gho/data/indicators/indicator-details/GHO/SA_0000001440,"[WHO-GHO] Age-standardized death rates, diabetes mellitus, per 100,000: WHO Global Health Observatory - Age-standardized death rates, diabetes mellitus, per 100,000"
"Age-standardized death rates, mouth and oropharynx cancer, per 100,000","WHO Global Health Observatory - Age-standardized death rates, mouth and oropharynx cancer, per 100,000",WHO-GHO,https://www.who.int/data/gho/data/indicators/indicator-details/GHO/SA_0000001448,"[WHO-GHO] Age-standardized death rates, mouth and oropharynx cancer, per 100,000: WHO Global Health Observatory - Age-standardized death rates, mouth and oropharynx cancer, per 100,000"
Inclusion of radon in national cancer control strategy,WHO Global Health Observatory - Inclusion of radon in national cancer control strategy,WHO-GHO,https://www.who.int/data/gho/data/indicators/indicator-details/GHO/RADON_Q803,[WHO-GHO] Inclusion of radon in national cancer control strategy: WHO Global Health Observatory - Inclusion of radon in national cancer control strategy
Specialized treatment services for drug use disoders and HIV/AIDS,WHO Global Health Observatory - Specialized treatment services for drug use disoders and HIV/AIDS,WHO-GHO,https://www.who.int/data/gho/data/indicators/indicator-details/GHO/RSUD_41,[WHO-GHO] Specialized treatment services for drug use disoders and HIV/AIDS: WHO Global Health Observatory - Specialized treatment services for drug use disoders and HIV/AIDS
Tuberculosis detection and treatment,WHO Global Health Observatory - Tuberculosis detection and treatment,WHO-GHO,https://www.who.int/data/gho/data/indicators/indicator-details/GHO/UHC_TB_DT,[WHO-GHO] Tuberculosis detection and treatment: WHO Global Health Observatory - Tuberculosis detection and treatment
"HIV, Hepatitis counselling and treatment availability in specialized facilities and services","WHO Global Health Observatory - HIV, Hepatitis counselling and treatment availability in specialized facilities and services",WHO-GHO,https://www.who.int/data/gho/data/indicators/indicator-details/GHO/RSUD_620,"[WHO-GHO] HIV, Hepatitis counselling and treatment availability in specialized facilities and services: WHO Global Health Observatory - HIV, Hepatitis counselling and treatment availability in specialized facilities and services"
Children aged <5 years with diarrhoea receiving ORS (%),WHO Global Health Observatory - Children aged <5 years with diarrhoea receiving ORS (%),WHO-GHO,https://www.who.int/data/gho/data/indicators/indicator-details/GHO/UNICEF_ORS,[WHO-GHO] Children aged <5 years with diarrhoea receiving ORS (%): WHO Global Health Observatory - Children aged <5 years with diarrhoea receiving ORS (%)
Deaths due to HIV/AIDS (per 100 000 population),WHO Global Health Observatory - Deaths due to HIV/AIDS (per 100 000 population),WHO-GHO,https://www.who.int/data/gho/data/indicators/indicator-details/GHO/WHS2_138,[WHO-GHO] Deaths due to HIV/AIDS (per 100 000 population): WHO Global Health Observatory - Deaths due to HIV/AIDS (per 100 000 population)
Distribution of causes of death among children aged <5 years (%) - Diarrhoea,WHO Global Health Observatory - Distribution of causes of death among children aged <5 years (%) - Diarrhoea,WHO-GHO,https://www.who.int/data/gho/data/indicators/indicator-details/GHO/WHS2_167,[WHO-GHO] Distribution of causes of death among children aged <5 years (%) - Diarrhoea: WHO Global Health Observatory - Distribution of causes of death among children aged <5 years (%) - Diarrhoea
Distribution of causes of death among children aged <5 years (%) - Measles,WHO Global Health Observatory - Distribution of causes of death among children aged <5 years (%) - Measles,WHO-GHO,https://www.who.int/data/gho/data/indicators/indicator-details/GHO/WHS2_168,[WHO-GHO] Distribution of causes of death among children aged <5 years (%) - Measles: WHO Global Health Observatory - Distribution of causes of death among children aged <5 years (%) - Measles
Cholera - number of reported cases,WHO Global Health Observatory - Cholera - number of reported cases,WHO-GHO,https://www.who.int/data/gho/data/indicators/indicator-details/GHO/WHS3_40,[WHO-GHO] Cholera - number of reported cases: WHO Global Health Observatory - Cholera - number of reported cases
Total tetanus - number of reported cases,WHO Global Health Observatory - Total tetanus - number of reported cases,WHO-GHO,https://www.who.int/data/gho/data/indicators/indicator-details/GHO/WHS3_46,[WHO-GHO] Total tetanus - number of reported cases: WHO Global Health Observatory - Total tetanus - number of reported cases
Diphtheria tetanus toxoid and pertussis (DTP3) immunization coverage among 1-year-olds (%),WHO Global Health Observatory - Diphtheria tetanus toxoid and pertussis (DTP3) immunization coverage among 1-year-olds (%),WHO-GHO,https://www.who.int/data/gho/data/indicators/indicator-details/GHO/WHS4_100,[WHO-GHO] Diphtheria tetanus toxoid and pertussis (DTP3) immunization coverage among 1-year-olds (%): WHO Global Health Observatory - Diphtheria tetanus toxoid and pertussis (DTP3) immunization coverage among 1-year-olds (%)
Age-standardized mortality rate by cause (per 100 000 population) - Cardiovascular,WHO Global Health Observatory - Age-standardized mortality rate by cause (per 100 000 population) - Cardiovascular,WHO-GHO,https://www.who.int/data/gho/data/indicators/indicator-details/GHO/WHS2_161,[WHO-GHO] Age-standardized mortality rate by cause (per 100 000 population) - Cardiovascular: WHO Global Health Observatory - Age-standardized mortality rate by cause (per 100 000 population) - Cardiovascular
Meningitis - number of reported cases,WHO Global Health Observatory - Meningitis - number of reported cases,WHO-GHO,https://www.who.int/data/gho/data/indicators/indicator-details/GHO/WHS3_47,[WHO-GHO] Meningitis - number of reported cases: WHO Global Health Observatory - Meningitis - number of reported cases
H5N1 influenza - number of reported cases,WHO Global Health Observatory - H5N1 influenza - number of reported cases,WHO-GHO,https://www.who.int/data/gho/data/indicators/indicator-details/GHO/WHS3_51,[WHO-GHO] H5N1 influenza - number of reported cases: WHO Global Health Observatory - H5N1 influenza - number of reported cases
Hepatitis B (HepB3) immunization coverage among 1-year-olds (%),WHO Global Health Observatory - Hepatitis B (HepB3) immunization coverage among 1-year-olds (%),WHO-GHO,https://www.who.int/data/gho/data/indicators/indicator-details/GHO/WHS4_117,[WHO-GHO] Hepatitis B (HepB3) immunization coverage among 1-year-olds (%): WHO Global Health Observatory - Hepatitis B (HepB3) immunization coverage among 1-year-olds (%)
Number of new leprosy cases,WHO Global Health Observatory - Number of new leprosy cases,WHO-GHO,https://www.who.int/data/gho/data/indicators/indicator-details/GHO/WHS3_45,[WHO-GHO] Number of new leprosy cases: WHO Global Health Observatory - Number of new leprosy cases
Antiretroviral therapy coverage among HIV-infected pregnant women for PMTCT (%),WHO Global Health Observatory - Antiretroviral therapy coverage among HIV-infected pregnant women for PMTCT (%),WHO-GHO,https://www.who.int/data/gho/data/indicators/indicator-details/GHO/WHS4_99,[WHO-GHO] Antiretroviral therapy coverage among HIV-infected pregnant women for PMTCT (%): WHO Global Health Observatory - Antiretroviral therapy coverage among HIV-infected pregnant women for PMTCT (%)
Number of reported cases of tuberculosis,WHO Global Health Observatory - Number of reported cases of tuberculosis,WHO-GHO,https://www.who.int/data/gho/data/indicators/indicator-details/GHO/WHS3_522,[WHO-GHO] Number of reported cases of tuberculosis: WHO Global Health Observatory - Number of reported cases of tuberculosis
Children aged <5 years with diarrhoea receiving ORT (%),WHO Global Health Observatory - Children aged <5 years with diarrhoea receiving ORT (%),WHO-GHO,https://www.who.int/data/gho/data/indicators/indicator-details/GHO/WHS4_107,[WHO-GHO] Children aged <5 years with diarrhoea receiving ORT (%): WHO Global Health Observatory - Children aged <5 years with diarrhoea receiving ORT (%)
Deaths due to malaria (per 100 000 population),WHO Global Health Observatory - Deaths due to malaria (per 100 000 population),WHO-GHO,https://www.who.int/data/gho/data/indicators/indicator-details/GHO/WHS2_152,[WHO-GHO] Deaths due to malaria (per 100 000 population): WHO Global Health Observatory - Deaths due to malaria (per 100 000 population)
"Alcohol-attributable fractions (15+), cancer deaths","WHO Global Health Observatory - Alcohol-attributable fractions (15+), cancer deaths",WHO-GHO,https://www.who.int/data/gho/data/indicators/indicator-details/GHO/SA_0000001808,"[WHO-GHO] Alcohol-attributable fractions (15+), cancer deaths: WHO Global Health Observatory - Alcohol-attributable fractions (15+), cancer deaths"
Age-standardized mortality rate by cause (per 100 000 population) - Cancer,WHO Global Health Observatory - Age-standardized mortality rate by cause (per 100 000 population) - Cancer,WHO-GHO,https://www.who.int/data/gho/data/indicators/indicator-details/GHO/WHS2_160,[WHO-GHO] Age-standardized mortality rate by cause (per 100 000 population) - Cancer: WHO Global Health Observatory - Age-standardized mortality rate by cause (per 100 000 population) - Cancer
Distribution of causes of death among children aged <5 years (%) - Malaria,WHO Global Health Observatory - Distribution of causes of death among children aged <5 years (%) - Malaria,WHO-GHO,https://www.who.int/data/gho/data/indicators/indicator-details/GHO/WHS2_164,[WHO-GHO] Distribution of causes of death among children aged <5 years (%) - Malaria: WHO Global Health Observatory - Distribution of causes of death among children aged <5 years (%) - Malaria
Distribution of causes of death among children aged <5 years (%) - Pneumonia,WHO Global Health Observatory - Distribution of causes of death among children aged <5 years (%) - Pneumonia,WHO-GHO,https://www.who.int/data/gho/data/indicators/indicator-details/GHO/WHS2_165,[WHO-GHO] Distribution of causes of death among children aged <5 years (%) - Pneumonia: WHO Global Health Observatory - Distribution of causes of death among children aged <5 years (%) - Pneumonia
Number of diarrhoea deaths from inadequate hygiene,WHO Global Health Observatory - Number of diarrhoea deaths from inadequate hygiene,WHO-GHO,https://www.who.int/data/gho/data/indicators/indicator-details/GHO/WSH_10_HYG,[WHO-GHO] Number of diarrhoea deaths from inadequate hygiene: WHO Global Health Observatory - Number of diarrhoea deaths from inadequate hygiene
Number of diarrhoea deaths from inadequate sanitation,WHO Global Health Observatory - Number of diarrhoea deaths from inadequate sanitation,WHO-GHO,https://www.who.int/data/gho/data/indicators/indicator-details/GHO/WSH_10_SAN,[WHO-GHO] Number of diarrhoea deaths from inadequate sanitation: WHO Global Health Observatory - Number of diarrhoea deaths from inadequate sanitation
Number of diarrhoea deaths from inadequate water,WHO Global Health Observatory - Number of diarrhoea deaths from inadequate water,WHO-GHO,https://www.who.int/data/gho/data/indicators/indicator-details/GHO/WSH_10_WAT,[WHO-GHO] Number of diarrhoea deaths from inadequate water: WHO Global Health Observatory - Number of diarrhoea deaths from inadequate water
Attributable fraction of diarrhoea to inadequate sanitation,WHO Global Health Observatory - Attributable fraction of diarrhoea to inadequate sanitation,WHO-GHO,https://www.who.int/data/gho/data/indicators/indicator-details/GHO/WSH_20_SAN,[WHO-GHO] Attributable fraction of diarrhoea to inadequate sanitation: WHO Global Health Observatory - Attributable fraction of diarrhoea to inadequate sanitation
Number of diarrhoea DALYs from inadequate hygiene,WHO Global Health Observatory - Number of diarrhoea DALYs from inadequate hygiene,WHO-GHO,https://www.who.int/data/gho/data/indicators/indicator-details/GHO/WSH_30_HYG,[WHO-GHO] Number of diarrhoea DALYs from inadequate hygiene: WHO Global Health Observatory - Number of diarrhoea DALYs from inadequate hygiene
"Cancer, age-standardized death rates (15+), per 100,000 population","WHO Global Health Observatory - Cancer, age-standardized death rates (15+), per 100,000 population",WHO-GHO,https://www.who.int/data/gho/data/indicators/indicator-details/GHO/SA_0000001807,"[WHO-GHO] Cancer, age-standardized death rates (15+), per 100,000 population: WHO Global Health Observatory - Cancer, age-standardized death rates (15+), per 100,000 population"
Distribution of causes of death among children aged <5 years (%) - HIV/AIDS,WHO Global Health Observatory - Distribution of causes of death among children aged <5 years (%) - HIV/AIDS,WHO-GHO,https://www.who.int/data/gho/data/indicators/indicator-details/GHO/WHS2_170,[WHO-GHO] Distribution of causes of death among children aged <5 years (%) - HIV/AIDS: WHO Global Health Observatory - Distribution of causes of death among children aged <5 years (%) - HIV/AIDS
Malaria - number of reported confirmed cases,WHO Global Health Observatory - Malaria - number of reported confirmed cases,WHO-GHO,https://www.who.int/data/gho/data/indicators/indicator-details/GHO/WHS3_48,[WHO-GHO] Malaria - number of reported confirmed cases: WHO Global Health Observatory - Malaria - number of reported confirmed cases
Number of reported cases of tuberculosis (DOTS),WHO Global Health Observatory - Number of reported cases of tuberculosis (DOTS),WHO-GHO,https://www.who.int/data/gho/data/indicators/indicator-details/GHO/WHS3_54,[WHO-GHO] Number of reported cases of tuberculosis (DOTS): WHO Global Health Observatory - Number of reported cases of tuberculosis (DOTS)
Neonatal tetanus - number of reported cases,WHO Global Health Observatory - Neonatal tetanus - number of reported cases,WHO-GHO,https://www.who.int/data/gho/data/indicators/indicator-details/GHO/WHS3_56,[WHO-GHO] Neonatal tetanus - number of reported cases: WHO Global Health Observatory - Neonatal tetanus - number of reported cases
Measles - number of reported cases,WHO Global Health Observatory - Measles - number of reported cases,WHO-GHO,https://www.who.int/data/gho/data/indicators/indicator-details/GHO/WHS3_62,[WHO-GHO] Measles - number of reported cases: WHO Global Health Observatory - Measles - number of reported cases
Neonates protected at birth against neonatal tetanus (PAB) (%),WHO Global Health Observatory - Neonates protected at birth against neonatal tetanus (PAB) (%),WHO-GHO,https://www.who.int/data/gho/data/indicators/indicator-details/GHO/WHS4_128,[WHO-GHO] Neonates protected at birth against neonatal tetanus (PAB) (%): WHO Global Health Observatory - Neonates protected at birth against neonatal tetanus (PAB) (%)
"Regional prevalence, AAFs (15+), cancer","WHO Global Health Observatory - Regional prevalence, AAFs (15+), cancer",WHO-GHO,https://www.who.int/data/gho/data/indicators/indicator-details/GHO/SA_0000001827,"[WHO-GHO] Regional prevalence, AAFs (15+), cancer: WHO Global Health Observatory - Regional prevalence, AAFs (15+), cancer"
New HIV infections among adults 15-24 years old (per 1000 uninfected population),WHO Global Health Observatory - New HIV infections among adults 15-24 years old (per 1000 uninfected population),WHO-GHO,https://www.who.int/data/gho/data/indicators/indicator-details/GHO/SDGHIV1524,[WHO-GHO] New HIV infections among adults 15-24 years old (per 1000 uninfected population): WHO Global Health Observatory - New HIV infections among adults 15-24 years old (per 1000 uninfected population)
New HIV infections (per 1000 uninfected population),WHO Global Health Observatory - New HIV infections (per 1000 uninfected population),WHO-GHO,https://www.who.int/data/gho/data/indicators/indicator-details/GHO/SDGHIV,[WHO-GHO] New HIV infections (per 1000 uninfected population): WHO Global Health Observatory - New HIV infections (per 1000 uninfected population)
Malaria incidence (per 1 000 population at risk),WHO Global Health Observatory - Malaria incidence (per 1 000 population at risk),WHO-GHO,https://www.who.int/data/gho/data/indicators/indicator-details/GHO/SDGMALARIA,[WHO-GHO] Malaria incidence (per 1 000 population at risk): WHO Global Health Observatory - Malaria incidence (per 1 000 population at risk)
Measles-containing-vaccine first-dose (MCV1) immunization coverage among 1-year-olds (%),WHO Global Health Observatory - Measles-containing-vaccine first-dose (MCV1) immunization coverage among 1-year-olds (%),WHO-GHO,https://www.who.int/data/gho/data/indicators/indicator-details/GHO/WHS8_110,[WHO-GHO] Measles-containing-vaccine first-dose (MCV1) immunization coverage among 1-year-olds (%): WHO Global Health Observatory - Measles-containing-vaccine first-dose (MCV1) immunization coverage among 1-year-olds (%)
"Attributable fraction of diarrhoea to inadequate water, sanitation and hygiene","WHO Global Health Observatory - Attributable fraction of diarrhoea to inadequate water, sanitation and hygiene",WHO-GHO,https://www.who.int/data/gho/data/indicators/indicator-details/GHO/WSH_20,"[WHO-GHO] Attributable fraction of diarrhoea to inadequate water, sanitation and hygiene: WHO Global Health Observatory - Attributable fraction of diarrhoea to inadequate water, sanitation and hygiene"
Attributable fraction of diarrhoea to inadequate hygiene,WHO Global Health Observatory - Attributable fraction of diarrhoea to inadequate hygiene,WHO-GHO,https://www.who.int/data/gho/data/indicators/indicator-details/GHO/WSH_20_HYG,[WHO-GHO] Attributable fraction of diarrhoea to inadequate hygiene: WHO Global Health Observatory - Attributable fraction of diarrhoea to inadequate hygiene
Attributable fraction of diarrhoea to inadequate water,WHO Global Health Observatory - Attributable fraction of diarrhoea to inadequate water,WHO-GHO,https://www.who.int/data/gho/data/indicators/indicator-details/GHO/WSH_20_WAT,[WHO-GHO] Attributable fraction of diarrhoea to inadequate water: WHO Global Health Observatory - Attributable fraction of diarrhoea to inadequate water
"Number of diarrhoea DALYs from inadequate water, sanitation and hygiene","WHO Global Health Observatory - Number of diarrhoea DALYs from inadequate water, sanitation and hygiene",WHO-GHO,https://www.who.int/data/gho/data/indicators/indicator-details/GHO/WSH_30,"[WHO-GHO] Number of diarrhoea DALYs from inadequate water, sanitation and hygiene: WHO Global Health Observatory - Number of diarrhoea DALYs from inadequate water, sanitation and hygiene"
Hepatitis B surface antigen (HBsAg) prevalence (%),WHO Global Health Observatory - Hepatitis B surface antigen (HBsAg) prevalence (%),WHO-GHO,https://www.who.int/data/gho/data/indicators/indicator-details/GHO/SDGHEPHBSAGPRV,[WHO-GHO] Hepatitis B surface antigen (HBsAg) prevalence (%): WHO Global Health Observatory - Hepatitis B surface antigen (HBsAg) prevalence (%)
Treatment success rate: HIV-positive TB cases,WHO Global Health Observatory - Treatment success rate: HIV-positive TB cases,WHO-GHO,https://www.who.int/data/gho/data/indicators/indicator-details/GHO/TB_c_tbhiv_tsr,[WHO-GHO] Treatment success rate: HIV-positive TB cases: WHO Global Health Observatory - Treatment success rate: HIV-positive TB cases
Number of incident tuberculosis cases in children aged 0 - 14,WHO Global Health Observatory - Number of incident tuberculosis cases in children aged 0 - 14,WHO-GHO,https://www.who.int/data/gho/data/indicators/indicator-details/GHO/TB_e_inc_num_014,[WHO-GHO] Number of incident tuberculosis cases in children aged 0 - 14: WHO Global Health Observatory - Number of incident tuberculosis cases in children aged 0 - 14
Incidence of tuberculosis (per 100 000 population) (HIV-positive cases),WHO Global Health Observatory - Incidence of tuberculosis (per 100 000 population) (HIV-positive cases),WHO-GHO,https://www.who.int/data/gho/data/indicators/indicator-details/GHO/TB_e_inc_tbhiv_100k,[WHO-GHO] Incidence of tuberculosis (per 100 000 population) (HIV-positive cases): WHO Global Health Observatory - Incidence of tuberculosis (per 100 000 population) (HIV-positive cases)
Number of prevalent tuberculosis cases,WHO Global Health Observatory - Number of prevalent tuberculosis cases,WHO-GHO,https://www.who.int/data/gho/data/indicators/indicator-details/GHO/TB_e_prev_num,[WHO-GHO] Number of prevalent tuberculosis cases: WHO Global Health Observatory - Number of prevalent tuberculosis cases
Tuberculosis - new and relapse cases,WHO Global Health Observatory - Tuberculosis - new and relapse cases,WHO-GHO,https://www.who.int/data/gho/data/indicators/indicator-details/GHO/TB_tot_newrel,[WHO-GHO] Tuberculosis - new and relapse cases: WHO Global Health Observatory - Tuberculosis - new and relapse cases
Tuberculosis effective treatment coverage (%),WHO Global Health Observatory - Tuberculosis effective treatment coverage (%),WHO-GHO,https://www.who.int/data/gho/data/indicators/indicator-details/GHO/TB_effective_treatment_coverage,[WHO-GHO] Tuberculosis effective treatment coverage (%): WHO Global Health Observatory - Tuberculosis effective treatment coverage (%)
TB patients with known HIV status (%),WHO Global Health Observatory - TB patients with known HIV status (%),WHO-GHO,https://www.who.int/data/gho/data/indicators/indicator-details/GHO/TB_hivtest_pct,[WHO-GHO] TB patients with known HIV status (%): WHO Global Health Observatory - TB patients with known HIV status (%)
Number of diarrhoea DALYs from inadequate sanitation,WHO Global Health Observatory - Number of diarrhoea DALYs from inadequate sanitation,WHO-GHO,https://www.who.int/data/gho/data/indicators/indicator-details/GHO/WSH_30_SAN,[WHO-GHO] Number of diarrhoea DALYs from inadequate sanitation: WHO Global Health Observatory - Number of diarrhoea DALYs from inadequate sanitation
"Number of diarrhoea deaths from inadequate water, sanitation and hygiene","WHO Global Health Observatory - Number of diarrhoea deaths from inadequate water, sanitation and hygiene",WHO-GHO,https://www.who.int/data/gho/data/indicators/indicator-details/GHO/WSH_10,"[WHO-GHO] Number of diarrhoea deaths from inadequate water, sanitation and hygiene: WHO Global Health Observatory - Number of diarrhoea deaths from inadequate water, sanitation and hygiene"
Number of diarrhoea DALYs from inadequate water,WHO Global Health Observatory - Number of diarrhoea DALYs from inadequate water,WHO-GHO,https://www.who.int/data/gho/data/indicators/indicator-details/GHO/WSH_30_WAT,[WHO-GHO] Number of diarrhoea DALYs from inadequate water: WHO Global Health Observatory - Number of diarrhoea DALYs from inadequate water
Laboratories providing tuberculosis diagnostic services using sputum smear microscopy (per 100 000 population),WHO Global Health Observatory - Laboratories providing tuberculosis diagnostic services using sputum smear microscopy (per 100 000 population),WHO-GHO,https://www.who.int/data/gho/data/indicators/indicator-details/GHO/TB_c_lab_sm_100k,[WHO-GHO] Laboratories providing tuberculosis diagnostic services using sputum smear microscopy (per 100 000 population): WHO Global Health Observatory - Laboratories providing tuberculosis diagnostic services using sputum smear microscopy (per 100 000 population)
"Number of incident tuberculosis cases,  (HIV-positive cases)","WHO Global Health Observatory - Number of incident tuberculosis cases,  (HIV-positive cases)",WHO-GHO,https://www.who.int/data/gho/data/indicators/indicator-details/GHO/TB_e_inc_tbhiv_num,"[WHO-GHO] Number of incident tuberculosis cases,  (HIV-positive cases): WHO Global Health Observatory - Number of incident tuberculosis cases,  (HIV-positive cases)"
HIV-positive TB patients on ART (antiretroviral therapy) (%),WHO Global Health Observatory - HIV-positive TB patients on ART (antiretroviral therapy) (%),WHO-GHO,https://www.who.int/data/gho/data/indicators/indicator-details/GHO/TB_hiv_art_pct,[WHO-GHO] HIV-positive TB patients on ART (antiretroviral therapy) (%): WHO Global Health Observatory - HIV-positive TB patients on ART (antiretroviral therapy) (%)
HIV-positive TB patients on CPT (co-trimoxazole preventive therapy) (%),WHO Global Health Observatory - HIV-positive TB patients on CPT (co-trimoxazole preventive therapy) (%),WHO-GHO,https://www.who.int/data/gho/data/indicators/indicator-details/GHO/TB_hiv_cpt_pct,[WHO-GHO] HIV-positive TB patients on CPT (co-trimoxazole preventive therapy) (%): WHO Global Health Observatory - HIV-positive TB patients on CPT (co-trimoxazole preventive therapy) (%)
Tested TB patients HIV-positive (%),WHO Global Health Observatory - Tested TB patients HIV-positive (%),WHO-GHO,https://www.who.int/data/gho/data/indicators/indicator-details/GHO/TB_hivtest_pos_pct,[WHO-GHO] Tested TB patients HIV-positive (%): WHO Global Health Observatory - Tested TB patients HIV-positive (%)
Tuberculosis treatment coverage,WHO Global Health Observatory - Tuberculosis treatment coverage,WHO-GHO,https://www.who.int/data/gho/data/indicators/indicator-details/GHO/TB_1,[WHO-GHO] Tuberculosis treatment coverage: WHO Global Health Observatory - Tuberculosis treatment coverage
Laboratories providing tuberculosis diagnostic services using culture (per 5 million population),WHO Global Health Observatory - Laboratories providing tuberculosis diagnostic services using culture (per 5 million population),WHO-GHO,https://www.who.int/data/gho/data/indicators/indicator-details/GHO/TB_c_lab_cul_5m,[WHO-GHO] Laboratories providing tuberculosis diagnostic services using culture (per 5 million population): WHO Global Health Observatory - Laboratories providing tuberculosis diagnostic services using culture (per 5 million population)
Treatment success rate for new pulmonary smear-negative and extrapulmonary tuberculosis cases,WHO Global Health Observatory - Treatment success rate for new pulmonary smear-negative and extrapulmonary tuberculosis cases,WHO-GHO,https://www.who.int/data/gho/data/indicators/indicator-details/GHO/TB_c_new_snep_tsr,[WHO-GHO] Treatment success rate for new pulmonary smear-negative and extrapulmonary tuberculosis cases: WHO Global Health Observatory - Treatment success rate for new pulmonary smear-negative and extrapulmonary tuberculosis cases
Tuberculosis - new and relapse cases,WHO Global Health Observatory - Tuberculosis - new and relapse cases,WHO-GHO,https://www.who.int/data/gho/data/indicators/indicator-details/GHO/TB_c_newinc,[WHO-GHO] Tuberculosis - new and relapse cases: WHO Global Health Observatory - Tuberculosis - new and relapse cases
Number of incident tuberculosis cases,WHO Global Health Observatory - Number of incident tuberculosis cases,WHO-GHO,https://www.who.int/data/gho/data/indicators/indicator-details/GHO/TB_e_inc_num,[WHO-GHO] Number of incident tuberculosis cases: WHO Global Health Observatory - Number of incident tuberculosis cases
"Number of deaths due to tuberculosis, excluding HIV","WHO Global Health Observatory - Number of deaths due to tuberculosis, excluding HIV",WHO-GHO,https://www.who.int/data/gho/data/indicators/indicator-details/GHO/TB_e_mort_exc_tbhiv_num,"[WHO-GHO] Number of deaths due to tuberculosis, excluding HIV: WHO Global Health Observatory - Number of deaths due to tuberculosis, excluding HIV"
Number of national population surveys -  HIV prevalence,WHO Global Health Observatory - Number of national population surveys -  HIV prevalence,WHO-GHO,https://www.who.int/data/gho/data/indicators/indicator-details/GHO/WHS10_6,[WHO-GHO] Number of national population surveys -  HIV prevalence: WHO Global Health Observatory - Number of national population surveys -  HIV prevalence
General availability of diabetes testing (by HbA1c) at the primary health care level,WHO Global Health Observatory - General availability of diabetes testing (by HbA1c) at the primary health care level,WHO-GHO,https://www.who.int/data/gho/data/indicators/indicator-details/GHO/NCD_CCS_HbA1c,[WHO-GHO] General availability of diabetes testing (by HbA1c) at the primary health care level: WHO Global Health Observatory - General availability of diabetes testing (by HbA1c) at the primary health care level
Availability of cardiovascular risk stratification in 50% or more primary health care facilities,WHO Global Health Observatory - Availability of cardiovascular risk stratification in 50% or more primary health care facilities,WHO-GHO,https://www.who.int/data/gho/data/indicators/indicator-details/GHO/NCD_CCS_riskstrat,[WHO-GHO] Availability of cardiovascular risk stratification in 50% or more primary health care facilities: WHO Global Health Observatory - Availability of cardiovascular risk stratification in 50% or more primary health care facilities
Provision for care of acute stroke and rehabilitation in more than 50% of public sector health facilities,WHO Global Health Observatory - Provision for care of acute stroke and rehabilitation in more than 50% of public sector health facilities,WHO-GHO,https://www.who.int/data/gho/data/indicators/indicator-details/GHO/NCD_CCS_stroke,[WHO-GHO] Provision for care of acute stroke and rehabilitation in more than 50% of public sector health facilities: WHO Global Health Observatory - Provision for care of acute stroke and rehabilitation in more than 50% of public sector health facilities
In-prison cardiovascular disease diagnosis (number of diagnoses),WHO Global Health Observatory - In-prison cardiovascular disease diagnosis (number of diagnoses),WHO-GHO,https://www.who.int/data/gho/data/indicators/indicator-details/GHO/PRISON_D4_CARDIOVASC_DIAG_TOT,[WHO-GHO] In-prison cardiovascular disease diagnosis (number of diagnoses): WHO Global Health Observatory - In-prison cardiovascular disease diagnosis (number of diagnoses)
Hepatitis B surface antigen (HBsAG) carriers (per 100 000 population),WHO Global Health Observatory - Hepatitis B surface antigen (HBsAG) carriers (per 100 000 population),WHO-GHO,https://www.who.int/data/gho/data/indicators/indicator-details/GHO/HEPB_HBSAG_CARRIER,[WHO-GHO] Hepatitis B surface antigen (HBsAG) carriers (per 100 000 population): WHO Global Health Observatory - Hepatitis B surface antigen (HBsAG) carriers (per 100 000 population)
"Chronic hepatitis C (HCV) diagnosis coverage as percentage of total HCV infected, including cured (%)","WHO Global Health Observatory - Chronic hepatitis C (HCV) diagnosis coverage as percentage of total HCV infected, including cured (%)",WHO-GHO,https://www.who.int/data/gho/data/indicators/indicator-details/GHO/HEPATITIS_HCV_DIAGNOSIS_PERINFECTED_CRD_PER100,"[WHO-GHO] Chronic hepatitis C (HCV) diagnosis coverage as percentage of total HCV infected, including cured (%): WHO Global Health Observatory - Chronic hepatitis C (HCV) diagnosis coverage as percentage of total HCV infected, including cured (%)"
"Probability (%) of dying between age 30 and exact age 70 from any of cardiovascular disease, cancer, diabetes, or chronic respiratory disease","WHO Global Health Observatory - Probability (%) of dying between age 30 and exact age 70 from any of cardiovascular disease, cancer, diabetes, or chronic respiratory disease",WHO-GHO,https://www.who.int/data/gho/data/indicators/indicator-details/GHO/NCDMORT3070,"[WHO-GHO] Probability (%) of dying between age 30 and exact age 70 from any of cardiovascular disease, cancer, diabetes, or chronic respiratory disease: WHO Global Health Observatory - Probability (%) of dying between age 30 and exact age 70 from any of cardiovascular disease, cancer, diabetes, or chronic respiratory disease"
Number of imported malaria cases,WHO Global Health Observatory - Number of imported malaria cases,WHO-GHO,https://www.who.int/data/gho/data/indicators/indicator-details/GHO/MALARIA_IMPORTED,[WHO-GHO] Number of imported malaria cases: WHO Global Health Observatory - Number of imported malaria cases
Estimated malaria incidence (per 1000 population at risk),WHO Global Health Observatory - Estimated malaria incidence (per 1000 population at risk),WHO-GHO,https://www.who.int/data/gho/data/indicators/indicator-details/GHO/MALARIA_EST_INCIDENCE,[WHO-GHO] Estimated malaria incidence (per 1000 population at risk): WHO Global Health Observatory - Estimated malaria incidence (per 1000 population at risk)
In-prison Hepatitis B diagnosis (number of diagnoses),WHO Global Health Observatory - In-prison Hepatitis B diagnosis (number of diagnoses),WHO-GHO,https://www.who.int/data/gho/data/indicators/indicator-details/GHO/PRISON_D4_HEPB_DIAG_TOT,[WHO-GHO] In-prison Hepatitis B diagnosis (number of diagnoses): WHO Global Health Observatory - In-prison Hepatitis B diagnosis (number of diagnoses)
Percentage of people living with HIV who know their HIV status,WHO Global Health Observatory - Percentage of people living with HIV who know their HIV status,WHO-GHO,https://www.who.int/data/gho/data/indicators/indicator-details/GHO/HIV_STATUSKNOWNHIV,[WHO-GHO] Percentage of people living with HIV who know their HIV status: WHO Global Health Observatory - Percentage of people living with HIV who know their HIV status
People living with chronic hepatitis B (HBV) (number),WHO Global Health Observatory - People living with chronic hepatitis B (HBV) (number),WHO-GHO,https://www.who.int/data/gho/data/indicators/indicator-details/GHO/HEPATITIS_HBV_LIVINGWITH_NUM,[WHO-GHO] People living with chronic hepatitis B (HBV) (number): WHO Global Health Observatory - People living with chronic hepatitis B (HBV) (number)
Number of malaria suspects examined by microscopy,WHO Global Health Observatory - Number of malaria suspects examined by microscopy,WHO-GHO,https://www.who.int/data/gho/data/indicators/indicator-details/GHO/MALARIA_MICR_TEST,[WHO-GHO] Number of malaria suspects examined by microscopy: WHO Global Health Observatory - Number of malaria suspects examined by microscopy
Estimated number of malaria cases,WHO Global Health Observatory - Estimated number of malaria cases,WHO-GHO,https://www.who.int/data/gho/data/indicators/indicator-details/GHO/MALARIA_EST_CASES,[WHO-GHO] Estimated number of malaria cases: WHO Global Health Observatory - Estimated number of malaria cases
"Hypertension among adults aged 30-79 years, prevalence, crude","WHO Global Health Observatory - Hypertension among adults aged 30-79 years, prevalence, crude",WHO-GHO,https://www.who.int/data/gho/data/indicators/indicator-details/GHO/NCD_HYP_PREVALENCE_C,"[WHO-GHO] Hypertension among adults aged 30-79 years, prevalence, crude: WHO Global Health Observatory - Hypertension among adults aged 30-79 years, prevalence, crude"
Number of malaria suspects examined by rapid diagnostic test (RDT),WHO Global Health Observatory - Number of malaria suspects examined by rapid diagnostic test (RDT),WHO-GHO,https://www.who.int/data/gho/data/indicators/indicator-details/GHO/MALARIA_RDT_TEST,[WHO-GHO] Number of malaria suspects examined by rapid diagnostic test (RDT): WHO Global Health Observatory - Number of malaria suspects examined by rapid diagnostic test (RDT)
People living with chronic hepatitis C (HCV) including cured (all ages) (adjusted number),WHO Global Health Observatory - People living with chronic hepatitis C (HCV) including cured (all ages) (adjusted number),WHO-GHO,https://www.who.int/data/gho/data/indicators/indicator-details/GHO/HEPATITIS_HCV_LIVINGWITH_CRD_NUM,[WHO-GHO] People living with chronic hepatitis C (HCV) including cured (all ages) (adjusted number): WHO Global Health Observatory - People living with chronic hepatitis C (HCV) including cured (all ages) (adjusted number)
"Has conducted a recent, national adult risk factor survey covering raised blood pressure/hypertension","WHO Global Health Observatory - Has conducted a recent, national adult risk factor survey covering raised blood pressure/hypertension",WHO-GHO,https://www.who.int/data/gho/data/indicators/indicator-details/GHO/NCD_CCS_BP_SVY,"[WHO-GHO] Has conducted a recent, national adult risk factor survey covering raised blood pressure/hypertension: WHO Global Health Observatory - Has conducted a recent, national adult risk factor survey covering raised blood pressure/hypertension"
Existence of evidence-based national guidelines/protocols/standards for the management of cancer,WHO Global Health Observatory - Existence of evidence-based national guidelines/protocols/standards for the management of cancer,WHO-GHO,https://www.who.int/data/gho/data/indicators/indicator-details/GHO/NCD_CCS_CANCER_GUIDE,[WHO-GHO] Existence of evidence-based national guidelines/protocols/standards for the management of cancer: WHO Global Health Observatory - Existence of evidence-based national guidelines/protocols/standards for the management of cancer
Number of indigenous malaria cases,WHO Global Health Observatory - Number of indigenous malaria cases,WHO-GHO,https://www.who.int/data/gho/data/indicators/indicator-details/GHO/MALARIA_INDIG,[WHO-GHO] Number of indigenous malaria cases: WHO Global Health Observatory - Number of indigenous malaria cases
"HIV, Hepatitis, and STI-related laws and policies","WHO Global Health Observatory - HIV, Hepatitis, and STI-related laws and policies",WHO-GHO,https://www.who.int/data/gho/data/indicators/indicator-details/GHO/HHS_LAWPOLICY,"[WHO-GHO] HIV, Hepatitis, and STI-related laws and policies: WHO Global Health Observatory - HIV, Hepatitis, and STI-related laws and policies"
Number of confirmed malaria cases,WHO Global Health Observatory - Number of confirmed malaria cases,WHO-GHO,https://www.who.int/data/gho/data/indicators/indicator-details/GHO/MALARIA_CONF_CASES,[WHO-GHO] Number of confirmed malaria cases: WHO Global Health Observatory - Number of confirmed malaria cases
Domestic Expenditure on Malaria,WHO Global Health Observatory - Domestic Expenditure on Malaria,WHO-GHO,https://www.who.int/data/gho/data/indicators/indicator-details/GHO/MALARIA_NMCP_CALCULATIONS,[WHO-GHO] Domestic Expenditure on Malaria: WHO Global Health Observatory - Domestic Expenditure on Malaria
Number of suspected malaria cases,WHO Global Health Observatory - Number of suspected malaria cases,WHO-GHO,https://www.who.int/data/gho/data/indicators/indicator-details/GHO/MALARIA_SUSPECTS,[WHO-GHO] Number of suspected malaria cases: WHO Global Health Observatory - Number of suspected malaria cases
"Hypertension among adults aged 30-79 years, prevalence, age-standardized","WHO Global Health Observatory - Hypertension among adults aged 30-79 years, prevalence, age-standardized",WHO-GHO,https://www.who.int/data/gho/data/indicators/indicator-details/GHO/NCD_HYP_PREVALENCE_A,"[WHO-GHO] Hypertension among adults aged 30-79 years, prevalence, age-standardized: WHO Global Health Observatory - Hypertension among adults aged 30-79 years, prevalence, age-standardized"
Status of indigenous malaria cases,WHO Global Health Observatory - Status of indigenous malaria cases,WHO-GHO,https://www.who.int/data/gho/data/indicators/indicator-details/GHO/MALARIA_INDIG_STATUS,[WHO-GHO] Status of indigenous malaria cases: WHO Global Health Observatory - Status of indigenous malaria cases
Number of indigenous P. vivax malaria cases,WHO Global Health Observatory - Number of indigenous P. vivax malaria cases,WHO-GHO,https://www.who.int/data/gho/data/indicators/indicator-details/GHO/MALARIA_PV_INDIG,[WHO-GHO] Number of indigenous P. vivax malaria cases: WHO Global Health Observatory - Number of indigenous P. vivax malaria cases
"Has conducted a recent, national adult risk factor survey covering overweight and obesity","WHO Global Health Observatory - Has conducted a recent, national adult risk factor survey covering overweight and obesity",WHO-GHO,https://www.who.int/data/gho/data/indicators/indicator-details/GHO/NCD_CCS_OVWT_SVY,"[WHO-GHO] Has conducted a recent, national adult risk factor survey covering overweight and obesity: WHO Global Health Observatory - Has conducted a recent, national adult risk factor survey covering overweight and obesity"
Chronic hepatitis B (HBV) infected persons diagnosed (number),WHO Global Health Observatory - Chronic hepatitis B (HBV) infected persons diagnosed (number),WHO-GHO,https://www.who.int/data/gho/data/indicators/indicator-details/GHO/HEPATITIS_HBV_DIAGNOSED_NUM,[WHO-GHO] Chronic hepatitis B (HBV) infected persons diagnosed (number): WHO Global Health Observatory - Chronic hepatitis B (HBV) infected persons diagnosed (number)
Deaths caused by chronic hepatitis B (HBV) infection (number),WHO Global Health Observatory - Deaths caused by chronic hepatitis B (HBV) infection (number),WHO-GHO,https://www.who.int/data/gho/data/indicators/indicator-details/GHO/HEPATITIS_HBV_DEATHS_NUM,[WHO-GHO] Deaths caused by chronic hepatitis B (HBV) infection (number): WHO Global Health Observatory - Deaths caused by chronic hepatitis B (HBV) infection (number)
People living with HIV treated for chronic hepatitis C infection (percent),WHO Global Health Observatory - People living with HIV treated for chronic hepatitis C infection (percent),WHO-GHO,https://www.who.int/data/gho/data/indicators/indicator-details/GHO/HEPATITIS_HCV_TREATMENT_HIV_PERCENT,[WHO-GHO] People living with HIV treated for chronic hepatitis C infection (percent): WHO Global Health Observatory - People living with HIV treated for chronic hepatitis C infection (percent)
Number of malaria cases treated with artemisinin-based combination therapies (ACTs),WHO Global Health Observatory - Number of malaria cases treated with artemisinin-based combination therapies (ACTs),WHO-GHO,https://www.who.int/data/gho/data/indicators/indicator-details/GHO/MALARIA_ACT_TREATED,[WHO-GHO] Number of malaria cases treated with artemisinin-based combination therapies (ACTs): WHO Global Health Observatory - Number of malaria cases treated with artemisinin-based combination therapies (ACTs)
People living with HIV diagnosed with chronic hepatitis C infection (percent),WHO Global Health Observatory - People living with HIV diagnosed with chronic hepatitis C infection (percent),WHO-GHO,https://www.who.int/data/gho/data/indicators/indicator-details/GHO/HEPATITIS_HCV_TESTING_HIV_PERCENT,[WHO-GHO] People living with HIV diagnosed with chronic hepatitis C infection (percent): WHO Global Health Observatory - People living with HIV diagnosed with chronic hepatitis C infection (percent)
"People living with HIV who inject drugs, treated for chronic hepatitis C infection (percent)","WHO Global Health Observatory - People living with HIV who inject drugs, treated for chronic hepatitis C infection (percent)",WHO-GHO,https://www.who.int/data/gho/data/indicators/indicator-details/GHO/HEPATITIS_HCV_TREATMENT_PWID_PERCENT,"[WHO-GHO] People living with HIV who inject drugs, treated for chronic hepatitis C infection (percent): WHO Global Health Observatory - People living with HIV who inject drugs, treated for chronic hepatitis C infection (percent)"
Malaria ITN use: Population in malaria-endemic areas who slept under an insecticide-treated bed net (ITN) the previous night (%),WHO Global Health Observatory - Malaria ITN use: Population in malaria-endemic areas who slept under an insecticide-treated bed net (ITN) the previous night (%),WHO-GHO,https://www.who.int/data/gho/data/indicators/indicator-details/GHO/MALARIA_ITN_USE,[WHO-GHO] Malaria ITN use: Population in malaria-endemic areas who slept under an insecticide-treated bed net (ITN) the previous night (%): WHO Global Health Observatory - Malaria ITN use: Population in malaria-endemic areas who slept under an insecticide-treated bed net (ITN) the previous night (%)
Number of malaria cases treated with any first  line tx courses (including artemisinin-based combination therapies (ACTs)),WHO Global Health Observatory - Number of malaria cases treated with any first  line tx courses (including artemisinin-based combination therapies (ACTs)),WHO-GHO,https://www.who.int/data/gho/data/indicators/indicator-details/GHO/MALARIA_1STLINE_TREATED,[WHO-GHO] Number of malaria cases treated with any first  line tx courses (including artemisinin-based combination therapies (ACTs)): WHO Global Health Observatory - Number of malaria cases treated with any first  line tx courses (including artemisinin-based combination therapies (ACTs))
Number of female leprosy new cases,WHO Global Health Observatory - Number of female leprosy new cases,WHO-GHO,https://www.who.int/data/gho/data/indicators/indicator-details/GHO/NTD_LEPR11,[WHO-GHO] Number of female leprosy new cases: WHO Global Health Observatory - Number of female leprosy new cases
In-prison HIV diagnosis (number of diagnoses),WHO Global Health Observatory - In-prison HIV diagnosis (number of diagnoses),WHO-GHO,https://www.who.int/data/gho/data/indicators/indicator-details/GHO/PRISON_D4_HIV_DIAG_TOT,[WHO-GHO] In-prison HIV diagnosis (number of diagnoses): WHO Global Health Observatory - In-prison HIV diagnosis (number of diagnoses)
Deaths caused by chronic hepatitis C (HCV) infection (number),WHO Global Health Observatory - Deaths caused by chronic hepatitis C (HCV) infection (number),WHO-GHO,https://www.who.int/data/gho/data/indicators/indicator-details/GHO/HEPATITIS_HCV_DEATHS_NUM,[WHO-GHO] Deaths caused by chronic hepatitis C (HCV) infection (number): WHO Global Health Observatory - Deaths caused by chronic hepatitis C (HCV) infection (number)
Estimated malaria mortality rate (per 100 000 population),WHO Global Health Observatory - Estimated malaria mortality rate (per 100 000 population),WHO-GHO,https://www.who.int/data/gho/data/indicators/indicator-details/GHO/MALARIA_EST_MORTALITY,[WHO-GHO] Estimated malaria mortality rate (per 100 000 population): WHO Global Health Observatory - Estimated malaria mortality rate (per 100 000 population)
"Hepatitis, deaths caused by chronic hepatitis B and C (per 100 000 population)","WHO Global Health Observatory - Hepatitis, deaths caused by chronic hepatitis B and C (per 100 000 population)",WHO-GHO,https://www.who.int/data/gho/data/indicators/indicator-details/GHO/HEPATITIS_DEATHS_RATE,"[WHO-GHO] Hepatitis, deaths caused by chronic hepatitis B and C (per 100 000 population): WHO Global Health Observatory - Hepatitis, deaths caused by chronic hepatitis B and C (per 100 000 population)"
Percentage of HIV-positive results returned to people in the calendar year,WHO Global Health Observatory - Percentage of HIV-positive results returned to people in the calendar year,WHO-GHO,https://www.who.int/data/gho/data/indicators/indicator-details/GHO/HIV_POSITIVITY,[WHO-GHO] Percentage of HIV-positive results returned to people in the calendar year: WHO Global Health Observatory - Percentage of HIV-positive results returned to people in the calendar year
NLIS: Children with diarrhoea receiving zinc and ORS (%),WHO Global Health Observatory - NLIS: Children with diarrhoea receiving zinc and ORS (%),WHO-GHO,https://www.who.int/data/gho/data/indicators/indicator-details/GHO/NLIS_NU_CA_049,[WHO-GHO] NLIS: Children with diarrhoea receiving zinc and ORS (%): WHO Global Health Observatory - NLIS: Children with diarrhoea receiving zinc and ORS (%)
"Cancer, alcohol-attributable, age-standardized death rates, per 100,000 population","WHO Global Health Observatory - Cancer, alcohol-attributable, age-standardized death rates, per 100,000 population",WHO-GHO,https://www.who.int/data/gho/data/indicators/indicator-details/GHO/SA_0000001807_AA,"[WHO-GHO] Cancer, alcohol-attributable, age-standardized death rates, per 100,000 population: WHO Global Health Observatory - Cancer, alcohol-attributable, age-standardized death rates, per 100,000 population"
Existence of a national target on diabetes,WHO Global Health Observatory - Existence of a national target on diabetes,WHO-GHO,https://www.who.int/data/gho/data/indicators/indicator-details/GHO/NCD_CCS_DIAB_TARGET,[WHO-GHO] Existence of a national target on diabetes: WHO Global Health Observatory - Existence of a national target on diabetes
Chronic hepatitis C (HCV) infected persons diagnosed (number),WHO Global Health Observatory - Chronic hepatitis C (HCV) infected persons diagnosed (number),WHO-GHO,https://www.who.int/data/gho/data/indicators/indicator-details/GHO/HEPATITIS_HCV_DIAGNOSED_NUM,[WHO-GHO] Chronic hepatitis C (HCV) infected persons diagnosed (number): WHO Global Health Observatory - Chronic hepatitis C (HCV) infected persons diagnosed (number)
Total number of  malaria cases (presumed + confirmed cases),WHO Global Health Observatory - Total number of  malaria cases (presumed + confirmed cases),WHO-GHO,https://www.who.int/data/gho/data/indicators/indicator-details/GHO/MALARIA_TOTAL_CASES,[WHO-GHO] Total number of  malaria cases (presumed + confirmed cases): WHO Global Health Observatory - Total number of  malaria cases (presumed + confirmed cases)
"Chronic hepatitis C (HCV) cumulative treatment rate as percentage of total infected, including cured  (%)","WHO Global Health Observatory - Chronic hepatitis C (HCV) cumulative treatment rate as percentage of total infected, including cured  (%)",WHO-GHO,https://www.who.int/data/gho/data/indicators/indicator-details/GHO/HEPATITIS_HCV_TREATMENT_CUM_PERINFECTED_CRD_PER100,"[WHO-GHO] Chronic hepatitis C (HCV) cumulative treatment rate as percentage of total infected, including cured  (%): WHO Global Health Observatory - Chronic hepatitis C (HCV) cumulative treatment rate as percentage of total infected, including cured  (%)"
General availability of alteplase for acute stroke management in the public health system,WHO Global Health Observatory - General availability of alteplase for acute stroke management in the public health system,WHO-GHO,https://www.who.int/data/gho/data/indicators/indicator-details/GHO/NCD_CCS_alteplase,[WHO-GHO] General availability of alteplase for acute stroke management in the public health system: WHO Global Health Observatory - General availability of alteplase for acute stroke management in the public health system
General availability of cancer surgery in the public sector,WHO Global Health Observatory - General availability of cancer surgery in the public sector,WHO-GHO,https://www.who.int/data/gho/data/indicators/indicator-details/GHO/NCD_CCS_cancer_surgery,[WHO-GHO] General availability of cancer surgery in the public sector: WHO Global Health Observatory - General availability of cancer surgery in the public sector
NLIS: Children with diarrhoea <5 y receiving oral rehydration therapy (ORT) and continued feeding (%),WHO Global Health Observatory - NLIS: Children with diarrhoea <5 y receiving oral rehydration therapy (ORT) and continued feeding (%),WHO-GHO,https://www.who.int/data/gho/data/indicators/indicator-details/GHO/NLIS_NU_CA_041,[WHO-GHO] NLIS: Children with diarrhoea <5 y receiving oral rehydration therapy (ORT) and continued feeding (%): WHO Global Health Observatory - NLIS: Children with diarrhoea <5 y receiving oral rehydration therapy (ORT) and continued feeding (%)
General availability of cancer centres or cancer departments at tertiary level in the public sector,WHO Global Health Observatory - General availability of cancer centres or cancer departments at tertiary level in the public sector,WHO-GHO,https://www.who.int/data/gho/data/indicators/indicator-details/GHO/NCD_CCS_CANCER_DEPT,[WHO-GHO] General availability of cancer centres or cancer departments at tertiary level in the public sector: WHO Global Health Observatory - General availability of cancer centres or cancer departments at tertiary level in the public sector
"People living with HIV who inject drugs, diagnosed with chronic hepatitis C infection (percent)","WHO Global Health Observatory - People living with HIV who inject drugs, diagnosed with chronic hepatitis C infection (percent)",WHO-GHO,https://www.who.int/data/gho/data/indicators/indicator-details/GHO/HEPATITIS_HCV_TESTING_PWID_PERCENT,"[WHO-GHO] People living with HIV who inject drugs, diagnosed with chronic hepatitis C infection (percent): WHO Global Health Observatory - People living with HIV who inject drugs, diagnosed with chronic hepatitis C infection (percent)"
"Has conducted a recent, national adult risk factor survey covering raised blood glucose/diabetes","WHO Global Health Observatory - Has conducted a recent, national adult risk factor survey covering raised blood glucose/diabetes",WHO-GHO,https://www.who.int/data/gho/data/indicators/indicator-details/GHO/NCD_CCS_DIAB_SVY,"[WHO-GHO] Has conducted a recent, national adult risk factor survey covering raised blood glucose/diabetes: WHO Global Health Observatory - Has conducted a recent, national adult risk factor survey covering raised blood glucose/diabetes"
Number of malaria positive cases by rapid diagnostic test (RDT),WHO Global Health Observatory - Number of malaria positive cases by rapid diagnostic test (RDT),WHO-GHO,https://www.who.int/data/gho/data/indicators/indicator-details/GHO/MALARIA_RDT_POS,[WHO-GHO] Number of malaria positive cases by rapid diagnostic test (RDT): WHO Global Health Observatory - Number of malaria positive cases by rapid diagnostic test (RDT)
Pregnant women attending antenatal care  at least once and receiving at least 3 doses of Intermittent Preventive Treatment of Malaria for Pregnant Women (IPTp3) (%),WHO Global Health Observatory - Pregnant women attending antenatal care  at least once and receiving at least 3 doses of Intermittent Preventive Treatment of Malaria for Pregnant Women (IPTp3) (%),WHO-GHO,https://www.who.int/data/gho/data/indicators/indicator-details/GHO/MALARIA_IPTP3_COVERAGE,[WHO-GHO] Pregnant women attending antenatal care  at least once and receiving at least 3 doses of Intermittent Preventive Treatment of Malaria for Pregnant Women (IPTp3) (%): WHO Global Health Observatory - Pregnant women attending antenatal care  at least once and receiving at least 3 doses of Intermittent Preventive Treatment of Malaria for Pregnant Women (IPTp3) (%)
Percentage of people living with HIV who know their status receiving antiretroviral therapy,WHO Global Health Observatory - Percentage of people living with HIV who know their status receiving antiretroviral therapy,WHO-GHO,https://www.who.int/data/gho/data/indicators/indicator-details/GHO/HIV_STATUSKNOWNART,[WHO-GHO] Percentage of people living with HIV who know their status receiving antiretroviral therapy: WHO Global Health Observatory - Percentage of people living with HIV who know their status receiving antiretroviral therapy
Existence of operational policy/strategy/action plan to reduce overweight/obesity,WHO Global Health Observatory - Existence of operational policy/strategy/action plan to reduce overweight/obesity,WHO-GHO,https://www.who.int/data/gho/data/indicators/indicator-details/GHO/NCD_CCS_OvwtPlan,[WHO-GHO] Existence of operational policy/strategy/action plan to reduce overweight/obesity: WHO Global Health Observatory - Existence of operational policy/strategy/action plan to reduce overweight/obesity
Chronic hepatitis C (HCV) treatment rate as percentage of diagnosed (%),WHO Global Health Observatory - Chronic hepatitis C (HCV) treatment rate as percentage of diagnosed (%),WHO-GHO,https://www.who.int/data/gho/data/indicators/indicator-details/GHO/HEPATITIS_HCV_TREATMENT_PERDIAGNOSED_PER100,[WHO-GHO] Chronic hepatitis C (HCV) treatment rate as percentage of diagnosed (%): WHO Global Health Observatory - Chronic hepatitis C (HCV) treatment rate as percentage of diagnosed (%)
New chronic hepatitis C (HCV) infections (number),WHO Global Health Observatory - New chronic hepatitis C (HCV) infections (number),WHO-GHO,https://www.who.int/data/gho/data/indicators/indicator-details/GHO/HEPATITIS_HCV_INFECTIONS_NEW_NUM,[WHO-GHO] New chronic hepatitis C (HCV) infections (number): WHO Global Health Observatory - New chronic hepatitis C (HCV) infections (number)
Estimated number of malaria deaths,WHO Global Health Observatory - Estimated number of malaria deaths,WHO-GHO,https://www.who.int/data/gho/data/indicators/indicator-details/GHO/MALARIA_EST_DEATHS,[WHO-GHO] Estimated number of malaria deaths: WHO Global Health Observatory - Estimated number of malaria deaths
New leprosy child case detection rate (less than 15 years of age) per 1 000 000 child population,WHO Global Health Observatory - New leprosy child case detection rate (less than 15 years of age) per 1 000 000 child population,WHO-GHO,https://www.who.int/data/gho/data/indicators/indicator-details/GHO/NTD_LEPR13,[WHO-GHO] New leprosy child case detection rate (less than 15 years of age) per 1 000 000 child population: WHO Global Health Observatory - New leprosy child case detection rate (less than 15 years of age) per 1 000 000 child population
Percentage of people living with HIV who have suppressed viral loads,WHO Global Health Observatory - Percentage of people living with HIV who have suppressed viral loads,WHO-GHO,https://www.who.int/data/gho/data/indicators/indicator-details/GHO/HIV_VIRALLOADSUPPRESSED,[WHO-GHO] Percentage of people living with HIV who have suppressed viral loads: WHO Global Health Observatory - Percentage of people living with HIV who have suppressed viral loads
"Prevalence of diabetes, crude","WHO Global Health Observatory - Prevalence of diabetes, crude",WHO-GHO,https://www.who.int/data/gho/data/indicators/indicator-details/GHO/NCD_DIABETES_PREVALENCE_CRUDE,"[WHO-GHO] Prevalence of diabetes, crude: WHO Global Health Observatory - Prevalence of diabetes, crude"
"HIV tests performed where results were received by a person (testing volume), estimated number per 1000 population","WHO Global Health Observatory - HIV tests performed where results were received by a person (testing volume), estimated number per 1000 population",WHO-GHO,https://www.who.int/data/gho/data/indicators/indicator-details/GHO/HIV_0000000028,"[WHO-GHO] HIV tests performed where results were received by a person (testing volume), estimated number per 1000 population: WHO Global Health Observatory - HIV tests performed where results were received by a person (testing volume), estimated number per 1000 population"
People living with chronic hepatitis C (HCV) (number),WHO Global Health Observatory - People living with chronic hepatitis C (HCV) (number),WHO-GHO,https://www.who.int/data/gho/data/indicators/indicator-details/GHO/HEPATITIS_HCV_LIVINGWITH_NUM,[WHO-GHO] People living with chronic hepatitis C (HCV) (number): WHO Global Health Observatory - People living with chronic hepatitis C (HCV) (number)
The number of new and relapse cases of tuberculosis detected in a given year by age and sex,WHO Global Health Observatory - The number of new and relapse cases of tuberculosis detected in a given year by age and sex,WHO-GHO,https://www.who.int/data/gho/data/indicators/indicator-details/GHO/TB_Notification_agesex_num,[WHO-GHO] The number of new and relapse cases of tuberculosis detected in a given year by age and sex: WHO Global Health Observatory - The number of new and relapse cases of tuberculosis detected in a given year by age and sex
Number of new cases of lip and oral cavity cancer,WHO Global Health Observatory - Number of new cases of lip and oral cavity cancer,WHO-GHO,https://www.who.int/data/gho/data/indicators/indicator-details/GHO/ORAL_HEALTH_CANCER_LIPORALCAVITY_NEWCASE_NUMBER,[WHO-GHO] Number of new cases of lip and oral cavity cancer: WHO Global Health Observatory - Number of new cases of lip and oral cavity cancer
Prevalence of chronic hepatitis B (HBV) in the general population (%),WHO Global Health Observatory - Prevalence of chronic hepatitis B (HBV) in the general population (%),WHO-GHO,https://www.who.int/data/gho/data/indicators/indicator-details/GHO/HEPATITIS_HBV_PREVALENCE_PER100,[WHO-GHO] Prevalence of chronic hepatitis B (HBV) in the general population (%): WHO Global Health Observatory - Prevalence of chronic hepatitis B (HBV) in the general population (%)
"Hypertension: effective treatment coverage (controlled hypertension) among adults aged 30-79 with hypertension, crude (%)","WHO Global Health Observatory - Hypertension: effective treatment coverage (controlled hypertension) among adults aged 30-79 with hypertension, crude (%)",WHO-GHO,https://www.who.int/data/gho/data/indicators/indicator-details/GHO/NCD_HYP_CONTROL_C,"[WHO-GHO] Hypertension: effective treatment coverage (controlled hypertension) among adults aged 30-79 with hypertension, crude (%): WHO Global Health Observatory - Hypertension: effective treatment coverage (controlled hypertension) among adults aged 30-79 with hypertension, crude (%)"
Percentage of people living with HIV receiving treatment who have suppressed viral loads,WHO Global Health Observatory - Percentage of people living with HIV receiving treatment who have suppressed viral loads,WHO-GHO,https://www.who.int/data/gho/data/indicators/indicator-details/GHO/HIV_VIRALLOADSUPPRESSEDART,[WHO-GHO] Percentage of people living with HIV receiving treatment who have suppressed viral loads: WHO Global Health Observatory - Percentage of people living with HIV receiving treatment who have suppressed viral loads
Existence of a national target on obesity,WHO Global Health Observatory - Existence of a national target on obesity,WHO-GHO,https://www.who.int/data/gho/data/indicators/indicator-details/GHO/NCD_CCS_OBES_TARGET,[WHO-GHO] Existence of a national target on obesity: WHO Global Health Observatory - Existence of a national target on obesity
"HIV tests performed where results were received by a person (testing volume), reported number","WHO Global Health Observatory - HIV tests performed where results were received by a person (testing volume), reported number",WHO-GHO,https://www.who.int/data/gho/data/indicators/indicator-details/GHO/HIV_0000000027,"[WHO-GHO] HIV tests performed where results were received by a person (testing volume), reported number: WHO Global Health Observatory - HIV tests performed where results were received by a person (testing volume), reported number"
Existence of evidence-based national guidelines/protocols/standards for the management of cardiovascular diseases,WHO Global Health Observatory - Existence of evidence-based national guidelines/protocols/standards for the management of cardiovascular diseases,WHO-GHO,https://www.who.int/data/gho/data/indicators/indicator-details/GHO/NCD_CCS_CVD_GUIDE,[WHO-GHO] Existence of evidence-based national guidelines/protocols/standards for the management of cardiovascular diseases: WHO Global Health Observatory - Existence of evidence-based national guidelines/protocols/standards for the management of cardiovascular diseases
"Hypertension treatment coverage among adults aged 30-79 with hypertension, age-standardized (%)","WHO Global Health Observatory - Hypertension treatment coverage among adults aged 30-79 with hypertension, age-standardized (%)",WHO-GHO,https://www.who.int/data/gho/data/indicators/indicator-details/GHO/NCD_HYP_TREATMENT_A,"[WHO-GHO] Hypertension treatment coverage among adults aged 30-79 with hypertension, age-standardized (%): WHO Global Health Observatory - Hypertension treatment coverage among adults aged 30-79 with hypertension, age-standardized (%)"
Persons initiated chronic hepatitis C(HCV) treatment (number),WHO Global Health Observatory - Persons initiated chronic hepatitis C(HCV) treatment (number),WHO-GHO,https://www.who.int/data/gho/data/indicators/indicator-details/GHO/HEPATITIS_HCV_TREATMENT_INITIATED_NUM,[WHO-GHO] Persons initiated chronic hepatitis C(HCV) treatment (number): WHO Global Health Observatory - Persons initiated chronic hepatitis C(HCV) treatment (number)
Prevalence of chronic hepatitis C (HCV) ) in the general population (%),WHO Global Health Observatory - Prevalence of chronic hepatitis C (HCV) ) in the general population (%),WHO-GHO,https://www.who.int/data/gho/data/indicators/indicator-details/GHO/HEPATITIS_HCV_PREVALENCE_PER100,[WHO-GHO] Prevalence of chronic hepatitis C (HCV) ) in the general population (%): WHO Global Health Observatory - Prevalence of chronic hepatitis C (HCV) ) in the general population (%)
Number of malaria positive cases by microscopy,WHO Global Health Observatory - Number of malaria positive cases by microscopy,WHO-GHO,https://www.who.int/data/gho/data/indicators/indicator-details/GHO/MALARIA_MICR_POS,[WHO-GHO] Number of malaria positive cases by microscopy: WHO Global Health Observatory - Number of malaria positive cases by microscopy
"Hypertension: diagnosis coverage among adults aged 30-79 with hypertension, crude (%)","WHO Global Health Observatory - Hypertension: diagnosis coverage among adults aged 30-79 with hypertension, crude (%)",WHO-GHO,https://www.who.int/data/gho/data/indicators/indicator-details/GHO/NCD_HYP_DIAGNOSIS_C,"[WHO-GHO] Hypertension: diagnosis coverage among adults aged 30-79 with hypertension, crude (%): WHO Global Health Observatory - Hypertension: diagnosis coverage among adults aged 30-79 with hypertension, crude (%)"
"Obesity prevalence in non-pregnant women aged 15-49 years, BMI >= 30 (%)","WHO Global Health Observatory - Obesity prevalence in non-pregnant women aged 15-49 years, BMI >= 30 (%)",WHO-GHO,https://www.who.int/data/gho/data/indicators/indicator-details/GHO/bmi30wm,"[WHO-GHO] Obesity prevalence in non-pregnant women aged 15-49 years, BMI >= 30 (%): WHO Global Health Observatory - Obesity prevalence in non-pregnant women aged 15-49 years, BMI >= 30 (%)"
Number of presumed malaria cases,WHO Global Health Observatory - Number of presumed malaria cases,WHO-GHO,https://www.who.int/data/gho/data/indicators/indicator-details/GHO/MALARIA_PRES_CASES,[WHO-GHO] Number of presumed malaria cases: WHO Global Health Observatory - Number of presumed malaria cases
Existence of evidence-based national guidelines/protocols/standards for the management of overweight/obesity,WHO Global Health Observatory - Existence of evidence-based national guidelines/protocols/standards for the management of overweight/obesity,WHO-GHO,https://www.who.int/data/gho/data/indicators/indicator-details/GHO/NCD_CCS_OBES_MGMT_GUIDE,[WHO-GHO] Existence of evidence-based national guidelines/protocols/standards for the management of overweight/obesity: WHO Global Health Observatory - Existence of evidence-based national guidelines/protocols/standards for the management of overweight/obesity
In-prison Hepatitis C diagnosis (number of diagnoses),WHO Global Health Observatory - In-prison Hepatitis C diagnosis (number of diagnoses),WHO-GHO,https://www.who.int/data/gho/data/indicators/indicator-details/GHO/PRISON_D4_HEPC_DIAG_TOT,[WHO-GHO] In-prison Hepatitis C diagnosis (number of diagnoses): WHO Global Health Observatory - In-prison Hepatitis C diagnosis (number of diagnoses)
Incidence rate of lip and oral cavity cancer (per 100 000 population),WHO Global Health Observatory - Incidence rate of lip and oral cavity cancer (per 100 000 population),WHO-GHO,https://www.who.int/data/gho/data/indicators/indicator-details/GHO/ORAL_HEALTH_CANCER_LIPORALCAVITY_100K,[WHO-GHO] Incidence rate of lip and oral cavity cancer (per 100 000 population): WHO Global Health Observatory - Incidence rate of lip and oral cavity cancer (per 100 000 population)
Chronic hepatitis B (HBV) treatment rate as percentage of total infected (%),WHO Global Health Observatory - Chronic hepatitis B (HBV) treatment rate as percentage of total infected (%),WHO-GHO,https://www.who.int/data/gho/data/indicators/indicator-details/GHO/HEPATITIS_HBV_TREATMENT_PERINFECTED_PER100,[WHO-GHO] Chronic hepatitis B (HBV) treatment rate as percentage of total infected (%): WHO Global Health Observatory - Chronic hepatitis B (HBV) treatment rate as percentage of total infected (%)
"Diabetes treatment coverage, age-standardized","WHO Global Health Observatory - Diabetes treatment coverage, age-standardized",WHO-GHO,https://www.who.int/data/gho/data/indicators/indicator-details/GHO/NCD_DIABETES_TREATMENT_AGESTD,"[WHO-GHO] Diabetes treatment coverage, age-standardized: WHO Global Health Observatory - Diabetes treatment coverage, age-standardized"
Number of non-autochthonous leprosy cases,WHO Global Health Observatory - Number of non-autochthonous leprosy cases,WHO-GHO,https://www.who.int/data/gho/data/indicators/indicator-details/GHO/NTD_LEPR14,[WHO-GHO] Number of non-autochthonous leprosy cases: WHO Global Health Observatory - Number of non-autochthonous leprosy cases
Chronic hepatitis B (HBV) treatment rate as percentage of diagnosed (%),WHO Global Health Observatory - Chronic hepatitis B (HBV) treatment rate as percentage of diagnosed (%),WHO-GHO,https://www.who.int/data/gho/data/indicators/indicator-details/GHO/HEPATITIS_HBV_TREATMENT_PERDIAGNOSED_PER100,[WHO-GHO] Chronic hepatitis B (HBV) treatment rate as percentage of diagnosed (%): WHO Global Health Observatory - Chronic hepatitis B (HBV) treatment rate as percentage of diagnosed (%)
"Diabetes treatment coverage, crude","WHO Global Health Observatory - Diabetes treatment coverage, crude",WHO-GHO,https://www.who.int/data/gho/data/indicators/indicator-details/GHO/NCD_DIABETES_TREATMENT_CRUDE,"[WHO-GHO] Diabetes treatment coverage, crude: WHO Global Health Observatory - Diabetes treatment coverage, crude"
Number of indigenous P. falciparum malaria cases,WHO Global Health Observatory - Number of indigenous P. falciparum malaria cases,WHO-GHO,https://www.who.int/data/gho/data/indicators/indicator-details/GHO/MALARIA_PF_INDIG,[WHO-GHO] Number of indigenous P. falciparum malaria cases: WHO Global Health Observatory - Number of indigenous P. falciparum malaria cases
Persons on chronic hepatitis B (HBV) treatment (number),WHO Global Health Observatory - Persons on chronic hepatitis B (HBV) treatment (number),WHO-GHO,https://www.who.int/data/gho/data/indicators/indicator-details/GHO/HEPATITIS_HBV_TREATMENT_NUM,[WHO-GHO] Persons on chronic hepatitis B (HBV) treatment (number): WHO Global Health Observatory - Persons on chronic hepatitis B (HBV) treatment (number)
"Population with access to an insecticide-treated bed net (ITN) for malaria protection (%), modelled","WHO Global Health Observatory - Population with access to an insecticide-treated bed net (ITN) for malaria protection (%), modelled",WHO-GHO,https://www.who.int/data/gho/data/indicators/indicator-details/GHO/MALARIA_ITN_COVERAGE,"[WHO-GHO] Population with access to an insecticide-treated bed net (ITN) for malaria protection (%), modelled: WHO Global Health Observatory - Population with access to an insecticide-treated bed net (ITN) for malaria protection (%), modelled"
"Hypertension: diagnosis coverage among adults aged 30-79 with hypertension, age-standardized (%)","WHO Global Health Observatory - Hypertension: diagnosis coverage among adults aged 30-79 with hypertension, age-standardized (%)",WHO-GHO,https://www.who.int/data/gho/data/indicators/indicator-details/GHO/NCD_HYP_DIAGNOSIS_A,"[WHO-GHO] Hypertension: diagnosis coverage among adults aged 30-79 with hypertension, age-standardized (%): WHO Global Health Observatory - Hypertension: diagnosis coverage among adults aged 30-79 with hypertension, age-standardized (%)"
Existence of population-based cancer registry,WHO Global Health Observatory - Existence of population-based cancer registry,WHO-GHO,https://www.who.int/data/gho/data/indicators/indicator-details/GHO/NCD_CCS_PBCR,[WHO-GHO] Existence of population-based cancer registry: WHO Global Health Observatory - Existence of population-based cancer registry
"Chronic hepatitis C (HCV) infected persons diagnosed, including cured (number)","WHO Global Health Observatory - Chronic hepatitis C (HCV) infected persons diagnosed, including cured (number)",WHO-GHO,https://www.who.int/data/gho/data/indicators/indicator-details/GHO/HEPATITIS_HCV_DIAGNOSED_CRD_NUM,"[WHO-GHO] Chronic hepatitis C (HCV) infected persons diagnosed, including cured (number): WHO Global Health Observatory - Chronic hepatitis C (HCV) infected persons diagnosed, including cured (number)"
"Hypertension effective treatment coverage (controlled hypertension )among adults aged 30-79, age-standardized (%)","WHO Global Health Observatory - Hypertension effective treatment coverage (controlled hypertension )among adults aged 30-79, age-standardized (%)",WHO-GHO,https://www.who.int/data/gho/data/indicators/indicator-details/GHO/NCD_HYP_CONTROL_A,"[WHO-GHO] Hypertension effective treatment coverage (controlled hypertension )among adults aged 30-79, age-standardized (%): WHO Global Health Observatory - Hypertension effective treatment coverage (controlled hypertension )among adults aged 30-79, age-standardized (%)"
In-prison cancer diagnosis (number of diagnoses),WHO Global Health Observatory - In-prison cancer diagnosis (number of diagnoses),WHO-GHO,https://www.who.int/data/gho/data/indicators/indicator-details/GHO/PRISON_D4_CANCER_DIAG_TOT,[WHO-GHO] In-prison cancer diagnosis (number of diagnoses): WHO Global Health Observatory - In-prison cancer diagnosis (number of diagnoses)
Chronic hepatitis B (HBV) diagnosis coverage as a percentage of infected (%),WHO Global Health Observatory - Chronic hepatitis B (HBV) diagnosis coverage as a percentage of infected (%),WHO-GHO,https://www.who.int/data/gho/data/indicators/indicator-details/GHO/HEPATITIS_HBV_DIAGNOSIS_PERINFECTED_PER100,[WHO-GHO] Chronic hepatitis B (HBV) diagnosis coverage as a percentage of infected (%): WHO Global Health Observatory - Chronic hepatitis B (HBV) diagnosis coverage as a percentage of infected (%)
In-prison vaccination for Hepatitis A,WHO Global Health Observatory - In-prison vaccination for Hepatitis A,WHO-GHO,https://www.who.int/data/gho/data/indicators/indicator-details/GHO/PRISON_B11_VACPREV_HEPA,[WHO-GHO] In-prison vaccination for Hepatitis A: WHO Global Health Observatory - In-prison vaccination for Hepatitis A
"Hypertension treatment coverage among adults aged 30-79 with hypertension, crude (%)","WHO Global Health Observatory - Hypertension treatment coverage among adults aged 30-79 with hypertension, crude (%)",WHO-GHO,https://www.who.int/data/gho/data/indicators/indicator-details/GHO/NCD_HYP_TREATMENT_C,"[WHO-GHO] Hypertension treatment coverage among adults aged 30-79 with hypertension, crude (%): WHO Global Health Observatory - Hypertension treatment coverage among adults aged 30-79 with hypertension, crude (%)"
In-prison vaccination for Hepatitis B,WHO Global Health Observatory - In-prison vaccination for Hepatitis B,WHO-GHO,https://www.who.int/data/gho/data/indicators/indicator-details/GHO/PRISON_B11_VACPREV_HEPB,[WHO-GHO] In-prison vaccination for Hepatitis B: WHO Global Health Observatory - In-prison vaccination for Hepatitis B
Measles immunization coverage among one-year-olds (%),WHO Global Health Observatory - Measles immunization coverage among one-year-olds (%),WHO-GHO,https://www.who.int/data/gho/data/indicators/indicator-details/GHO/vmsl,[WHO-GHO] Measles immunization coverage among one-year-olds (%): WHO Global Health Observatory - Measles immunization coverage among one-year-olds (%)
Existence of a national target on blood pressure / hypertension,WHO Global Health Observatory - Existence of a national target on blood pressure / hypertension,WHO-GHO,https://www.who.int/data/gho/data/indicators/indicator-details/GHO/NCD_CCS_BP_TARGET,[WHO-GHO] Existence of a national target on blood pressure / hypertension: WHO Global Health Observatory - Existence of a national target on blood pressure / hypertension
"HIV tests performed where results were received by a person (testing volume), reporting period","WHO Global Health Observatory - HIV tests performed where results were received by a person (testing volume), reporting period",WHO-GHO,https://www.who.int/data/gho/data/indicators/indicator-details/GHO/HIV_0000000029,"[WHO-GHO] HIV tests performed where results were received by a person (testing volume), reporting period: WHO Global Health Observatory - HIV tests performed where results were received by a person (testing volume), reporting period"
"Persons on chronic hepatitis C (HCV) treatment, cumulative (number)","WHO Global Health Observatory - Persons on chronic hepatitis C (HCV) treatment, cumulative (number)",WHO-GHO,https://www.who.int/data/gho/data/indicators/indicator-details/GHO/HEPATITIS_HCV_TREATMENT_CUM_NUM,"[WHO-GHO] Persons on chronic hepatitis C (HCV) treatment, cumulative (number): WHO Global Health Observatory - Persons on chronic hepatitis C (HCV) treatment, cumulative (number)"
"Prevalence of diabetes, age-standardized","WHO Global Health Observatory - Prevalence of diabetes, age-standardized",WHO-GHO,https://www.who.int/data/gho/data/indicators/indicator-details/GHO/NCD_DIABETES_PREVALENCE_AGESTD,"[WHO-GHO] Prevalence of diabetes, age-standardized: WHO Global Health Observatory - Prevalence of diabetes, age-standardized"
Prevalence of cervical cancer screening  among women aged 30-49 years (%),WHO Global Health Observatory - Prevalence of cervical cancer screening  among women aged 30-49 years (%),WHO-GHO,https://www.who.int/data/gho/data/indicators/indicator-details/GHO/NCD_CXCA_SCREENED_WITHIN_TIMEPERIOD,[WHO-GHO] Prevalence of cervical cancer screening  among women aged 30-49 years (%): WHO Global Health Observatory - Prevalence of cervical cancer screening  among women aged 30-49 years (%)
Existence of evidence-based national guidelines/protocols/standards for the management of diabetes,WHO Global Health Observatory - Existence of evidence-based national guidelines/protocols/standards for the management of diabetes,WHO-GHO,https://www.who.int/data/gho/data/indicators/indicator-details/GHO/NCD_CCS_DIAB_GUIDE,[WHO-GHO] Existence of evidence-based national guidelines/protocols/standards for the management of diabetes: WHO Global Health Observatory - Existence of evidence-based national guidelines/protocols/standards for the management of diabetes
Number of people protected from malaria by indoor residual spraying (IRS),WHO Global Health Observatory - Number of people protected from malaria by indoor residual spraying (IRS),WHO-GHO,https://www.who.int/data/gho/data/indicators/indicator-details/GHO/MALARIA_IRS_COVERAGE,[WHO-GHO] Number of people protected from malaria by indoor residual spraying (IRS): WHO Global Health Observatory - Number of people protected from malaria by indoor residual spraying (IRS)
In-prison diabetes mellitus diagnosis (number of diagnoses),WHO Global Health Observatory - In-prison diabetes mellitus diagnosis (number of diagnoses),WHO-GHO,https://www.who.int/data/gho/data/indicators/indicator-details/GHO/PRISON_D4_DIABETES_DIAG_TOT,[WHO-GHO] In-prison diabetes mellitus diagnosis (number of diagnoses): WHO Global Health Observatory - In-prison diabetes mellitus diagnosis (number of diagnoses)
New chronic hepatitis B (HBV) infections (number),WHO Global Health Observatory - New chronic hepatitis B (HBV) infections (number),WHO-GHO,https://www.who.int/data/gho/data/indicators/indicator-details/GHO/HEPATITIS_HBV_INFECTIONS_NEW_NUM,[WHO-GHO] New chronic hepatitis B (HBV) infections (number): WHO Global Health Observatory - New chronic hepatitis B (HBV) infections (number)
Diabetes Mellitus,CDC WONDER - Diabetes Mellitus - Mortality and health statistics from CDC Wide-ranging Online Data for Epidemiologic Research,CDC-WONDER,https://wonder.cdc.gov/,[CDC-WONDER] Diabetes Mellitus: CDC WONDER - Diabetes Mellitus - Mortality and health statistics from CDC Wide-ranging Online Data for Epidemiologic Research
Hypertensive Diseases,CDC WONDER - Hypertensive Diseases - Mortality and health statistics from CDC Wide-ranging Online Data for Epidemiologic Research,CDC-WONDER,https://wonder.cdc.gov/,[CDC-WONDER] Hypertensive Diseases: CDC WONDER - Hypertensive Diseases - Mortality and health statistics from CDC Wide-ranging Online Data for Epidemiologic Research
Ischemic Heart Diseases,CDC WONDER - Ischemic Heart Diseases - Mortality and health statistics from CDC Wide-ranging Online Data for Epidemiologic Research,CDC-WONDER,https://wonder.cdc.gov/,[CDC-WONDER] Ischemic Heart Diseases: CDC WONDER - Ischemic Heart Diseases - Mortality and health statistics from CDC Wide-ranging Online Data for Epidemiologic Research
Cerebrovascular Diseases,CDC WONDER - Cerebrovascular Diseases - Mortality and health statistics from CDC Wide-ranging Online Data for Epidemiologic Research,CDC-WONDER,https://wonder.cdc.gov/,[CDC-WONDER] Cerebrovascular Diseases: CDC WONDER - Cerebrovascular Diseases - Mortality and health statistics from CDC Wide-ranging Online Data for Epidemiologic Research
Malignant Neoplasms,CDC WONDER - Malignant Neoplasms - Mortality and health statistics from CDC Wide-ranging Online Data for Epidemiologic Research,CDC-WONDER,https://wonder.cdc.gov/,[CDC-WONDER] Malignant Neoplasms: CDC WONDER - Malignant Neoplasms - Mortality and health statistics from CDC Wide-ranging Online Data for Epidemiologic Research
Chronic Lower Respiratory Diseases,CDC WONDER - Chronic Lower Respiratory Diseases - Mortality and health statistics from CDC Wide-ranging Online Data for Epidemiologic Research,CDC-WONDER,https://wonder.cdc.gov/,[CDC-WONDER] Chronic Lower Respiratory Diseases: CDC WONDER - Chronic Lower Respiratory Diseases - Mortality and health statistics from CDC Wide-ranging Online Data for Epidemiologic Research
Influenza and Pneumonia,CDC WONDER - Influenza and Pneumonia - Mortality and health statistics from CDC Wide-ranging Online Data for Epidemiologic Research,CDC-WONDER,https://wonder.cdc.gov/,[CDC-WONDER] Influenza and Pneumonia: CDC WONDER - Influenza and Pneumonia - Mortality and health statistics from CDC Wide-ranging Online Data for Epidemiologic Research
Nephritis and Nephrosis,CDC WONDER - Nephritis and Nephrosis - Mortality and health statistics from CDC Wide-ranging Online Data for Epidemiologic Research,CDC-WONDER,https://wonder.cdc.gov/,[CDC-WONDER] Nephritis and Nephrosis: CDC WONDER - Nephritis and Nephrosis - Mortality and health statistics from CDC Wide-ranging Online Data for Epidemiologic Research
Septicemia,CDC WONDER - Septicemia - Mortality and health statistics from CDC Wide-ranging Online Data for Epidemiologic Research,CDC-WONDER,https://wonder.cdc.gov/,[CDC-WONDER] Septicemia: CDC WONDER - Septicemia - Mortality and health statistics from CDC Wide-ranging Online Data for Epidemiologic Research
Alzheimer's Disease,CDC WONDER - Alzheimer's Disease - Mortality and health statistics from CDC Wide-ranging Online Data for Epidemiologic Research,CDC-WONDER,https://wonder.cdc.gov/,[CDC-WONDER] Alzheimer's Disease: CDC WONDER - Alzheimer's Disease - Mortality and health statistics from CDC Wide-ranging Online Data for Epidemiologic Research
Parkinson's Disease,CDC WONDER - Parkinson's Disease - Mortality and health statistics from CDC Wide-ranging Online Data for Epidemiologic Research,CDC-WONDER,https://wonder.cdc.gov/,[CDC-WONDER] Parkinson's Disease: CDC WONDER - Parkinson's Disease - Mortality and health statistics from CDC Wide-ranging Online Data for Epidemiologic Research
Viral Hepatitis,CDC WONDER - Viral Hepatitis - Mortality and health statistics from CDC Wide-ranging Online Data for Epidemiologic Research,CDC-WONDER,https://wonder.cdc.gov/,[CDC-WONDER] Viral Hepatitis: CDC WONDER - Viral Hepatitis - Mortality and health statistics from CDC Wide-ranging Online Data for Epidemiologic Research
Tuberculosis,CDC WONDER - Tuberculosis - Mortality and health statistics from CDC Wide-ranging Online Data for Epidemiologic Research,CDC-WONDER,https://wonder.cdc.gov/,[CDC-WONDER] Tuberculosis: CDC WONDER - Tuberculosis - Mortality and health statistics from CDC Wide-ranging Online Data for Epidemiologic Research
HIV Infection,CDC WONDER - HIV Infection - Mortality and health statistics from CDC Wide-ranging Online Data for Epidemiologic Research,CDC-WONDER,https://wonder.cdc.gov/,[CDC-WONDER] HIV Infection: CDC WONDER - HIV Infection - Mortality and health statistics from CDC Wide-ranging Online Data for Epidemiologic Research
Viral Hepatitis,CDC WONDER - Viral Hepatitis - Mortality and health statistics from CDC Wide-ranging Online Data for Epidemiologic Research,CDC-WONDER,https://wonder.cdc.gov/,[CDC-WONDER] Viral Hepatitis: CDC WONDER - Viral Hepatitis - Mortality and health statistics from CDC Wide-ranging Online Data for Epidemiologic Research
DIABETES,NIH Research on diabetes - National Institutes of Health research data and publications,NIH,https://www.nih.gov/health-information/diabetes,[NIH] DIABETES: NIH Research on diabetes - National Institutes of Health research data and publications
CANCER,NIH Research on cancer - National Institutes of Health research data and publications,NIH,https://www.nih.gov/health-information/cancer,[NIH] CANCER: NIH Research on cancer - National Institutes of Health research data and publications
HEART DISEASE,NIH Research on heart disease - National Institutes of Health research data and publications,NIH,https://www.nih.gov/health-information/heart-disease,[NIH] HEART DISEASE: NIH Research on heart disease - National Institutes of Health research data and publications
TUBERCULOSIS,NIH Research on tuberculosis - National Institutes of Health research data and publications,NIH,https://www.nih.gov/health-information/tuberculosis,[NIH] TUBERCULOSIS: NIH Research on tuberculosis - National Institutes of Health research data and publications
MALARIA,NIH Research on malaria - National Institutes of Health research data and publications,NIH,https://www.nih.gov/health-information/malaria,[NIH] MALARIA: NIH Research on malaria - National Institutes of Health research data and publications
HIV/AIDS,NIH Research on hiv/aids - National Institutes of Health research data and publications,NIH,https://www.nih.gov/health-information/hiv/aids,[NIH] HIV/AIDS: NIH Research on hiv/aids - National Institutes of Health research data and publications
ALZHEIMER,NIH Research on alzheimer - National Institutes of Health research data and publications,NIH,https://www.nih.gov/health-information/alzheimer,[NIH] ALZHEIMER: NIH Research on alzheimer - National Institutes of Health research data and publications
ASTHMA,NIH Research on asthma - National Institutes of Health research data and publications,NIH,https://www.nih.gov/health-information/asthma,[NIH] ASTHMA: NIH Research on asthma - National Institutes of Health research data and publications
STROKE,NIH Research on stroke - National Institutes of Health research data and publications,NIH,https://www.nih.gov/health-information/stroke,[NIH] STROKE: NIH Research on stroke - National Institutes of Health research data and publications
HEPATITIS,NIH Research on hepatitis - National Institutes of Health research data and publications,NIH,https://www.nih.gov/health-information/hepatitis,[NIH] HEPATITIS: NIH Research on hepatitis - National Institutes of Health research data and publications
KIDNEY DISEASE,NIH Research on kidney disease - National Institutes of Health research data and publications,NIH,https://www.nih.gov/health-information/kidney-disease,[NIH] KIDNEY DISEASE: NIH Research on kidney disease - National Institutes of Health research data and publications
MENTAL HEALTH,NIH Research on mental health - National Institutes of Health research data and publications,NIH,https://www.nih.gov/health-information/mental-health,[NIH] MENTAL HEALTH: NIH Research on mental health - National Institutes of Health research data and publications
Clinical Trial: Diabetes,"We will conduct a prospective, single-center observational study involving 60 adult T2D patients recruited from Chang Gung Memorial Hospital. Participants will be randomly allocated to either a CGM group or a control group receiving standard care. The intervention group will utilize mobile apps for medication tracking, and a remote communication platform. All participants will collect clinical data-including HbA1c, Time in Range (TIR), insulin use-at baseline and 12 weeks. Patient adherence and ",ClinicalTrials.gov-NIH,https://clinicaltrials.gov/study/NCT07642830,"[ClinicalTrials.gov-NIH] Clinical Trial: Diabetes: We will conduct a prospective, single-center observational study involving 60 adult T2D patients recruited from Chang Gung Memorial Hospital. Participants will be randomly allocated to either a CGM group or a control group receiving standard care. The intervention group will utilize mobile apps for medication tracking, and a remote communication platform. All participants will collect clinical data-including HbA1c, Time in Range (TIR), insulin use-at baseline and 12 weeks. Patient adherence and "
Clinical Trial: Diabetes,"The 100-Year Human Aging Study is a prospective, pragmatic, observational trial enrolling participants across fixed and mobile clinical sites to undergo comprehensive multi-system health screening and longitudinal follow-up until death. Participants are followed to determine whether measurements taken at enrollment and repeated across the lifespan - individually and in combination - predict all-cause mortality, cause-specific mortality, incident serious disease, and functional disability. The st",ClinicalTrials.gov-NIH,https://clinicaltrials.gov/study/NCT07563777,"[ClinicalTrials.gov-NIH] Clinical Trial: Diabetes: The 100-Year Human Aging Study is a prospective, pragmatic, observational trial enrolling participants across fixed and mobile clinical sites to undergo comprehensive multi-system health screening and longitudinal follow-up until death. Participants are followed to determine whether measurements taken at enrollment and repeated across the lifespan - individually and in combination - predict all-cause mortality, cause-specific mortality, incident serious disease, and functional disability. The st"
Clinical Trial: Hypertension,"This is a single site, single-blinded parallel randomized control trial that investigates a multi-level intervention to improve postpartum blood pressure in women with hypertensive disorder pregnancy. The investigators will recruit women diagnosed with a hypertensive disorder of pregnancy, identified between 3rd trimester and 2 weeks post-delivery. The investigators will randomize participants to receive usual care home blood pressure monitoring for 6 weeks versus an intervention of usual care +",ClinicalTrials.gov-NIH,https://clinicaltrials.gov/study/NCT05655936,"[ClinicalTrials.gov-NIH] Clinical Trial: Hypertension: This is a single site, single-blinded parallel randomized control trial that investigates a multi-level intervention to improve postpartum blood pressure in women with hypertensive disorder pregnancy. The investigators will recruit women diagnosed with a hypertensive disorder of pregnancy, identified between 3rd trimester and 2 weeks post-delivery. The investigators will randomize participants to receive usual care home blood pressure monitoring for 6 weeks versus an intervention of usual care +"
Clinical Trial: Hypertension,"This investigator-initiated, randomized, controlled, single-blind, superiority trial aims to assess the efficacy and safety of esketamine combined with dexmedetomidine for the management of agitation or delirium in intensive care unit (ICU) patients receiving non-invasive respiratory support. The primary endpoint is a clinically prioritized hierarchical composite endpoint within 28 days, including intubation or tracheostomy, delirium duration, and agitation duration.",ClinicalTrials.gov-NIH,https://clinicaltrials.gov/study/NCT07377981,"[ClinicalTrials.gov-NIH] Clinical Trial: Hypertension: This investigator-initiated, randomized, controlled, single-blind, superiority trial aims to assess the efficacy and safety of esketamine combined with dexmedetomidine for the management of agitation or delirium in intensive care unit (ICU) patients receiving non-invasive respiratory support. The primary endpoint is a clinically prioritized hierarchical composite endpoint within 28 days, including intubation or tracheostomy, delirium duration, and agitation duration."
Clinical Trial: COVID-19,The primary objective of the Outpatient Treatment with Anti-Coronavirus Immunoglobulin (OTAC) (INSIGHT 012) trial is to compare the safety and efficacy of a single infusion of anti-COVID-19 hyperimmune intravenous immunoglobulin (hIVIG) versus placebo among adults with recently diagnosed severe acute respiratory syndrome - coronavirus 2 (SARS-CoV2) infection who do not require hospitalization. The primary endpoint of this double-blind randomized trial is a five-category ordinal outcome that asse,ClinicalTrials.gov-NIH,https://clinicaltrials.gov/study/NCT04910269,[ClinicalTrials.gov-NIH] Clinical Trial: COVID-19: The primary objective of the Outpatient Treatment with Anti-Coronavirus Immunoglobulin (OTAC) (INSIGHT 012) trial is to compare the safety and efficacy of a single infusion of anti-COVID-19 hyperimmune intravenous immunoglobulin (hIVIG) versus placebo among adults with recently diagnosed severe acute respiratory syndrome - coronavirus 2 (SARS-CoV2) infection who do not require hospitalization. The primary endpoint of this double-blind randomized trial is a five-category ordinal outcome that asse
Clinical Trial: COVID-19,"Respiratory viral infections caused by influenza, respiratory syncytial virus (RSV), and SARS-CoV-2 remain major causes of morbidity, hospitalization, and mortality among older adults worldwide. Current antiviral therapies have limited effectiveness and generally require administration within the first 48 hours after symptom onset. Increasing evidence suggests that the programmed death receptor-1/programmed death ligand-1 (PD-1/PD-L1) immune checkpoint pathway plays an important role in the host",ClinicalTrials.gov-NIH,https://clinicaltrials.gov/study/NCT07643688,"[ClinicalTrials.gov-NIH] Clinical Trial: COVID-19: Respiratory viral infections caused by influenza, respiratory syncytial virus (RSV), and SARS-CoV-2 remain major causes of morbidity, hospitalization, and mortality among older adults worldwide. Current antiviral therapies have limited effectiveness and generally require administration within the first 48 hours after symptom onset. Increasing evidence suggests that the programmed death receptor-1/programmed death ligand-1 (PD-1/PD-L1) immune checkpoint pathway plays an important role in the host"
Clinical Trial: Asthma,"This is a prospective, multicenter real-world study to describe the postoperative outcomes and quality of life, disease control and characteristics of patients who underwent surgery, as well as economic burden and post-operative treatment patterns in Chinese patients with CRSwNP recurrence.",ClinicalTrials.gov-NIH,https://clinicaltrials.gov/study/NCT07446738,"[ClinicalTrials.gov-NIH] Clinical Trial: Asthma: This is a prospective, multicenter real-world study to describe the postoperative outcomes and quality of life, disease control and characteristics of patients who underwent surgery, as well as economic burden and post-operative treatment patterns in Chinese patients with CRSwNP recurrence."
Clinical Trial: Asthma,"This is a phase 2b, randomized, double-blind, placebo-controlled study investigating the efficacy, safety, and tolerability of Taplucainium Inhalation Powder (NOC-110) once daily in adults with refractory or unexplained chronic cough.",ClinicalTrials.gov-NIH,https://clinicaltrials.gov/study/NCT06504446,"[ClinicalTrials.gov-NIH] Clinical Trial: Asthma: This is a phase 2b, randomized, double-blind, placebo-controlled study investigating the efficacy, safety, and tolerability of Taplucainium Inhalation Powder (NOC-110) once daily in adults with refractory or unexplained chronic cough."
Clinical Trial: HIV,The primary objective of the Outpatient Treatment with Anti-Coronavirus Immunoglobulin (OTAC) (INSIGHT 012) trial is to compare the safety and efficacy of a single infusion of anti-COVID-19 hyperimmune intravenous immunoglobulin (hIVIG) versus placebo among adults with recently diagnosed severe acute respiratory syndrome - coronavirus 2 (SARS-CoV2) infection who do not require hospitalization. The primary endpoint of this double-blind randomized trial is a five-category ordinal outcome that asse,ClinicalTrials.gov-NIH,https://clinicaltrials.gov/study/NCT04910269,[ClinicalTrials.gov-NIH] Clinical Trial: HIV: The primary objective of the Outpatient Treatment with Anti-Coronavirus Immunoglobulin (OTAC) (INSIGHT 012) trial is to compare the safety and efficacy of a single infusion of anti-COVID-19 hyperimmune intravenous immunoglobulin (hIVIG) versus placebo among adults with recently diagnosed severe acute respiratory syndrome - coronavirus 2 (SARS-CoV2) infection who do not require hospitalization. The primary endpoint of this double-blind randomized trial is a five-category ordinal outcome that asse
Clinical Trial: HIV,"The primary objective of this study is to adapt and evaluate the feasibility of ""Lafiya,"" which means ""Wellness"" in Hausa, a multilevel intersectional stigma \& discrimination (ISD) and HIV testing intervention, to a status-neutral intervention to increase HIV testing, PrEP, and ART Uptake (HPART) among young gay, bisexual, and other men who have sex with men in Ghanaian slums. Specific objectives include, Assessing intersectional stigma and options for HPART implementation, Adapting Lafiya to a",ClinicalTrials.gov-NIH,https://clinicaltrials.gov/study/NCT06312514,"[ClinicalTrials.gov-NIH] Clinical Trial: HIV: The primary objective of this study is to adapt and evaluate the feasibility of ""Lafiya,"" which means ""Wellness"" in Hausa, a multilevel intersectional stigma \& discrimination (ISD) and HIV testing intervention, to a status-neutral intervention to increase HIV testing, PrEP, and ART Uptake (HPART) among young gay, bisexual, and other men who have sex with men in Ghanaian slums. Specific objectives include, Assessing intersectional stigma and options for HPART implementation, Adapting Lafiya to a"
Clinical Trial: Tuberculosis,"This study is open to people with idiopathic pulmonary fibrosis (IPF) or progressive pulmonary fibrosis (PPF). They can only take part if they have completed treatment in a previous study with a medicine called nerandomilast or BI 1015550.

The goal of this study is to find out how well people with pulmonary fibrosis tolerate long- term treatment with nerandomilast. The study also tests whether nerandomilast improves lung function and prolongs the time until symptoms get worse, participants need",ClinicalTrials.gov-NIH,https://clinicaltrials.gov/study/NCT06238622,"[ClinicalTrials.gov-NIH] Clinical Trial: Tuberculosis: This study is open to people with idiopathic pulmonary fibrosis (IPF) or progressive pulmonary fibrosis (PPF). They can only take part if they have completed treatment in a previous study with a medicine called nerandomilast or BI 1015550.

The goal of this study is to find out how well people with pulmonary fibrosis tolerate long- term treatment with nerandomilast. The study also tests whether nerandomilast improves lung function and prolongs the time until symptoms get worse, participants need"
Clinical Trial: Tuberculosis,"The purpose of this study is to assess the efficacy and safety of verekitug (UPB-101) in participants with moderate-to-severe Chronic Obstructive Pulmonary Disease (COPD), an inflammatory lung disease.",ClinicalTrials.gov-NIH,https://clinicaltrials.gov/study/NCT06981078,"[ClinicalTrials.gov-NIH] Clinical Trial: Tuberculosis: The purpose of this study is to assess the efficacy and safety of verekitug (UPB-101) in participants with moderate-to-severe Chronic Obstructive Pulmonary Disease (COPD), an inflammatory lung disease."
Clinical Trial: Heart Failure,The aim of this study is to determine the usability of echocardiographic PAP changes obtained from emergency department records in the early risk stratification of pulmonary embolism.,ClinicalTrials.gov-NIH,https://clinicaltrials.gov/study/NCT07641400,[ClinicalTrials.gov-NIH] Clinical Trial: Heart Failure: The aim of this study is to determine the usability of echocardiographic PAP changes obtained from emergency department records in the early risk stratification of pulmonary embolism.
Clinical Trial: Heart Failure,"The 100-Year Human Aging Study is a prospective, pragmatic, observational trial enrolling participants across fixed and mobile clinical sites to undergo comprehensive multi-system health screening and longitudinal follow-up until death. Participants are followed to determine whether measurements taken at enrollment and repeated across the lifespan - individually and in combination - predict all-cause mortality, cause-specific mortality, incident serious disease, and functional disability. The st",ClinicalTrials.gov-NIH,https://clinicaltrials.gov/study/NCT07563777,"[ClinicalTrials.gov-NIH] Clinical Trial: Heart Failure: The 100-Year Human Aging Study is a prospective, pragmatic, observational trial enrolling participants across fixed and mobile clinical sites to undergo comprehensive multi-system health screening and longitudinal follow-up until death. Participants are followed to determine whether measurements taken at enrollment and repeated across the lifespan - individually and in combination - predict all-cause mortality, cause-specific mortality, incident serious disease, and functional disability. The st"
Clinical Trial: Chronic Kidney Disease,"The 100-Year Human Aging Study is a prospective, pragmatic, observational trial enrolling participants across fixed and mobile clinical sites to undergo comprehensive multi-system health screening and longitudinal follow-up until death. Participants are followed to determine whether measurements taken at enrollment and repeated across the lifespan - individually and in combination - predict all-cause mortality, cause-specific mortality, incident serious disease, and functional disability. The st",ClinicalTrials.gov-NIH,https://clinicaltrials.gov/study/NCT07563777,"[ClinicalTrials.gov-NIH] Clinical Trial: Chronic Kidney Disease: The 100-Year Human Aging Study is a prospective, pragmatic, observational trial enrolling participants across fixed and mobile clinical sites to undergo comprehensive multi-system health screening and longitudinal follow-up until death. Participants are followed to determine whether measurements taken at enrollment and repeated across the lifespan - individually and in combination - predict all-cause mortality, cause-specific mortality, incident serious disease, and functional disability. The st"
Clinical Trial: Chronic Kidney Disease,The investigators are trying to learn more about the cause of kidney diseases such as Focal Segmental Glomerulosclerosis (FSGS) and Nephrotic syndrome by studying genetics. The investigators are interested in discovering which genes play a role in causing a predisposition to FSGS/NS. The investigators also want to learn why FSGS/NS can run in families. Participation in our study involves a saliva sample and a urine sample that you can give from home. There is no cost to participate. All informat,ClinicalTrials.gov-NIH,https://clinicaltrials.gov/study/NCT02194582,[ClinicalTrials.gov-NIH] Clinical Trial: Chronic Kidney Disease: The investigators are trying to learn more about the cause of kidney diseases such as Focal Segmental Glomerulosclerosis (FSGS) and Nephrotic syndrome by studying genetics. The investigators are interested in discovering which genes play a role in causing a predisposition to FSGS/NS. The investigators also want to learn why FSGS/NS can run in families. Participation in our study involves a saliva sample and a urine sample that you can give from home. There is no cost to participate. All informat
